Name,Handle,Media URL,Retweets,Likes,Comments,Views,Tweet URL,Profile Link,Post Body,Date,Timestamp
Atom -宏观经济观察员,@hongsv11,"https://pbs.twimg.com/media/GKOtkfubUAAWlYd?format=png&name=small, https://pbs.twimg.com/media/GKOtkfubUAAWlYd?format=png&name=small",13,54,4,12K,https://x.com/hongsv11/status/1775462807032758651,https://x.com/hongsv11,"电话会的美方通稿提到不公平贸易政策、非市场经济行为，强调国家安全

近期拜登、耶伦陆续喊话汽车危险国家安全、清洁能源搞倾销
IRA也从24年开始正式实施，中国被列为FEOC(受关注外国实体)

意味着贸易摩擦有加剧的趋势
出口新三样(光伏、锂电池、电动车)面临被加增关税的风险",Apr 3,2024-04-03T09:58:14.000Z
Clromtyee,@Clromtyee,"https://pbs.twimg.com/media/GJkIB5vaAAAr6ss?format=jpg&name=small, https://pbs.twimg.com/media/GJkIB5vaAAAr6ss?format=jpg&name=small",,1,,310,https://x.com/Clromtyee/status/1772457148032622845,https://x.com/Clromtyee,日前，日本内阁府可再生能源政策专项组的会议资料上被发现出现中国国家电网公司的水印，引发日本国内舆论哗然，有政客甚至质疑政府可再生能源政策“受中国影响”。据日本经济新闻网和《产经新闻》报道，随着争议持续发酵，日本首相岸田文雄也下场强调所谓“能源安全”。,Mar 26,2024-03-26T02:54:49.000Z
西瓜小丸子,@xiguaxiaow42458,"https://pbs.twimg.com/ext_tw_video_thumb/1775000639048990720/pu/img/4bgDR27o82R0IPfK.jpg, https://pbs.twimg.com/ext_tw_video_thumb/1775000639048990720/pu/img/4bgDR27o82R0IPfK.jpg, https://pbs.twimg.com/ext_tw_video_thumb/1775000639048990720/pu/img/4bgDR27o82R0IPfK.jpg",1,2,,518,https://x.com/xiguaxiaow42458/status/1775000816304390551,https://x.com/xiguaxiaow42458,欧盟集中了世界上数量最多的发达国家，有责任在应对气候变化方面多挑担子、先走几步。然而，国际社会看到的是，美欧对做出的承诺“翻烧饼”或者“小步后退”。中国清洁能源技术和产业的发展为自身和全球绿色转型提供了巨大可能性，西方不是为这一突破感到高兴，而是各种抹黑、想出各色政策壁垒企图加以限制,Apr 2,2024-04-02T03:22:27.000Z
万一,@watson_view,"https://pbs.twimg.com/media/GOkIgdYXAAAlLAp?format=jpg&name=small, https://pbs.twimg.com/media/GOkIgdYXAAAlLAp?format=jpg&name=small",,,1,81,https://x.com/watson_view/status/1794975284552224814,https://x.com/watson_view,"中国如何在绿色能源产业政策上遥遥领先。

纽约时报：美国和欧洲正在努力追赶一个善于利用政府和银行的所有手段来主宰全球制造业的竞争对手。

半个多世纪以来，对石油短缺或气候受损的担忧促使各国政府投资替代能源。

20 世纪 70",May 27,2024-05-27T06:13:51.000Z
FinGraph财经图表,@fingraph66,"https://pbs.twimg.com/media/GSrsX6faMAA7Sza?format=jpg&name=small, https://pbs.twimg.com/media/GSrsX6faMAA7Sza?format=jpg&name=small",,3,,421,https://x.com/fingraph66/status/1813521704775479594,https://x.com/fingraph66,"根据彭博新能源财经的数据，在两个主要气候政策情景下，中国的二氧化碳排放量均将在2024年开始出现逐年下降，表明中国的温室气体排放量可能已经达到峰值。可再生能源产量和电动汽车采用率的增加，已经使得今年第二季度煤炭发电量和石油消耗量大幅下降。
来源：Bloomberg",Jul 17,2024-07-17T10:30:42.000Z
FinGraph财经图表,@fingraph66,"https://pbs.twimg.com/media/GSvLR4kbEAAyuI2?format=jpg&name=small, https://pbs.twimg.com/media/GSvLR4kbEAAyuI2?format=jpg&name=small",,2,,343,https://x.com/fingraph66/status/1813766792315322468,https://x.com/fingraph66,"根据彭博新能源财经的数据，在两个主要气候政策情景下，中国的二氧化碳排放量均将在2024年开始出现逐年下降，表明中国的温室气体排放量可能已经达到峰值。可再生能源产量和电动汽车采用率的增加，已经使得今年第二季度煤炭发电量和石油消耗量大幅下降。
来源：Bloomberg",Jul 18,2024-07-18T02:44:36.000Z
东方网OrientalDaily,@ODNMalaysia,,,2,,863,https://x.com/ODNMalaysia/status/1642130646872264706,https://x.com/ODNMalaysia,中国国家主席习近平说，中国将为到马来西亚投资的中资企业提供政策支持，这包括在可再生能源、半导体和数码经济等新领域的投资。 https://orientaldaily.com.my/news/nation/2023/04/01/557006…,"Apr 1, 2023",2023-04-01T11:43:50.000Z
TTW,@poxiaoshiliming,,,,,267,https://x.com/poxiaoshiliming/status/1759502892883747188,https://x.com/poxiaoshiliming,"#A股 摩根大通资管《在（中国）经济增速放缓背景下寻找投资机会》：
预计中国在应对经济放缓的政策上将更加积极主动；
继续增持具有结构性增长潜力的板块，包括与IT、绿色能源和消费相关的板块；增持科技硬件，以应对人工智能新创造的需求，以及消费电子产品的周期性复苏。",Feb 19,2024-02-19T08:59:14.000Z
lilylily02,@t_tietietie,"https://pbs.twimg.com/ext_tw_video_thumb/1632870372650483716/pu/img/TEowiIi8S25IIMY5.jpg, https://pbs.twimg.com/ext_tw_video_thumb/1632870372650483716/pu/img/TEowiIi8S25IIMY5.jpg, https://pbs.twimg.com/ext_tw_video_thumb/1632870372650483716/pu/img/TEowiIi8S25IIMY5.jpg",,,,62,https://x.com/t_tietietie/status/1632870624551895040,https://x.com/t_tietietie,【新中国联邦DC星火行动】03/04/2023 美国国家公共政策研究中心21号项目开发主任唐纳·杰克逊：我们必须将美国的灵魂置于利益之上，并摆脱依赖中共的能源供应。美国可以推广电动汽车、太阳能电池板、风能等绿色能源的使用，停止对中共国的依赖。,"Mar 7, 2023",2023-03-06T22:27:48.000Z
Guo-Fong Weng܁,@riceom,,,,,62,https://x.com/riceom/status/1732020197165265118,https://x.com/riceom,"全球大约三分之一温室气体来自于中国的排放。将全球气温上升幅度控制在工业化前水平的1.5摄氏度以内的目标,很大程度上要取决于中国的气候政策
中国是可再生能源领域的先行者,28%电力来自于风电、水电和太阳能发电,但是事物往往也都还有另一面:中国对煤炭发电持续性依赖,去年中国60%电力来自火力发电
DW","Dec 5, 2023",2023-12-05T12:52:49.000Z
财经小作文,@91rumor,"https://pbs.twimg.com/media/GYDUL4sb0AAPcxo?format=png&name=small, https://pbs.twimg.com/media/GYDUL4sb0AAPcxo?format=png&name=small",7,4,4,3.6K,https://x.com/91rumor/status/1837702000756264980,https://x.com/91rumor,"市场流行的观点

中国对经济下行不太关心，主要是

新质生产力，先进制造业、高科技产品、绿色能源和交通才是关键。

中国财政政策并没有放松，主要是害怕特朗普上台，到时没有更多的宽松工具。

最重要的是，上头并没有有真正的救房地产，不希望这成为未来经济的基础。",Sep 22,2024-09-22T03:54:34.000Z
BJD Review,@bjd_review,https://pbs.twimg.com/media/GRexq9QaYAAR_Of?format=jpg&name=small,1,,,89,https://x.com/bjd_review/status/1808109177082109954,https://x.com/bjd_review,"【中国稀土政策调整，引发西方媒体关注】
日前，国务院公布《稀土管理条例》，明确明确稀土资源属于国家所有，中国对稀土资源实行保护性开采。条例公布后马上受到西方媒体的高度关注。这是因为稀土资源在高科技制造业和绿色能源转型中发挥的重要作用，也跟西方媒体看待中国的眼光有很大关系。",Jul 2,2024-07-02T12:03:15.000Z
ᴿᵉᵇᵉˡRFAChinese,@RFAChinese,,,,,303,https://x.com/RFAChinese/status/1678363186381176835,https://x.com/RFAChinese,"克里表示，他计划在7月16日这一周与中国气候特使解振华和其他“最高级别”官员会面。

中美也是清洁能源的两个最大投资者。两国政策对于世界能否避免全球变暖最严重的后果有着巨大影响。

然而，对于两国应以何种速度停止导致地球严重升温的化石燃料排放，双方存在深刻分歧。

https://buff.ly/3DaIsdm","Jul 10, 2023",2023-07-10T11:19:00.000Z
ᴿᵉᵇᵉˡRFAChinese,@RFAChinese,,,,,229,https://x.com/RFAChinese/status/1800201256830476465,https://x.com/RFAChinese,"据国际能源机构的说法，去年，美国和欧盟在清洁能源技术领域取得了“重大进展”。

拜登政府数十亿美元的计划是美国历史上范围最广地使用产业政策的例子之一。

拜登提高关税是美国对中国的针对性贸易攻势的升级，征收关税的做法始于前总统特朗普。",Jun 11,2024-06-10T16:20:00.000Z
ᴿᵉᵇᵉˡRFAChinese,@RFAChinese,,,,,271,https://x.com/RFAChinese/status/1778040234401251610,https://x.com/RFAChinese,"白宫一直在考虑是否降低部分给美国消费者造成影响的关税，同时针对中国的绿色能源技术出口征收新关税。

拜登政府曾在2022年宣布暂停对太阳能行业征收关税，暂停令的两年期限过后，美国可能会在今年夏天重启太阳能关税。

中国对美国的贸易政策也有自己的不满

https://buff.ly/4arZTFj",Apr 10,2024-04-10T12:40:00.000Z
ᴿᵉᵇᵉˡRFAChinese,@RFAChinese,,,,,267,https://x.com/RFAChinese/status/1800164767912362207,https://x.com/RFAChinese,"预计欧洲官员们不久也将提高对华关税，尽管一些经济学家和环保人士警告，这些措施将减慢实现清洁能源目标的进程。由于中国向俄罗斯和伊朗倾斜，欧洲已对安全问题变得更加担忧。

西方接受产业政策的做法与美国及其盟国此前倡导的开放市场和最小政府干预的意识形态背道而驰。",Jun 10,2024-06-10T13:55:00.000Z
ᴿᵉᵇᵉˡRFAChinese,@RFAChinese,,,,,152,https://x.com/RFAChinese/status/1829220473122476389,https://x.com/RFAChinese,"国轩高科从密歇根州的战略基金获得了8亿美元的州补贴，包括赠款和免税。该公司还有资格从《通货膨胀削减法案》中获得税收抵免。

中国企业可能获得与“绿色能源制造”投资相关1250亿美元的税收抵免。国会中的共和党人已经提出了立法，旨在阻止中国公司获取这些税收抵免。",Aug 30,2024-08-29T18:12:00.000Z
ᴿᵉᵇᵉˡRFAChinese,@RFAChinese,,,,,270,https://x.com/RFAChinese/status/1816140033927045332,https://x.com/RFAChinese,"这份英译本大约为1.5万单词的文件只是简短而谨慎地呼吁“完善扩大消费长效机制”。

中共的中央委员会进一步强调了产业政策。党承诺完善推动“战略性产业”，涉及从可再生能源到航空航天等八个领域。这些行业与中国实施了10年的《中国制造2025》计划中的行业基本相同。",Jul 25,2024-07-24T15:55:00.000Z
S.S,@horusi,,,,1,,https://x.com/horusi/status/1453274558224642050,https://x.com/horusi,中国能够成为世界工厂，其基础就是重化工业能够提供廉价的原材料，而廉价的原材料来自廉价的能源。一旦用清洁能源取代目前的煤电能源，中国制造业成本将大幅上升，中国很多企业都难以活下去。因此，这个政策会扼杀中国经济，摧毁现有经济基础和经济结构，中国经济结构会出现崩溃,"Oct 27, 2021",2021-10-27T08:17:09.000Z
Melody,@melodysayyes,,1,1,,,https://x.com/melodysayyes/status/1471775505179451397,https://x.com/melodysayyes,德国正在加速中国化。去哪都查你ID和疫苗证的社会环境环境，比肩加州的物价水平，迅速向中国一线城市靠拢的房价，高得离谱的税收，低廉的工资，对顶尖人才不友好的职场环境，烂得不行绿色能源政策，最后是坏到根部的欧洲央行货币政策。,"Dec 17, 2021",2021-12-17T09:33:19.000Z
FTChinese,@FTChinese,,3,2,3,,https://x.com/FTChinese/status/1149226822799896576,https://x.com/FTChinese,【全球清洁能源投资降至5年来最低水平】最新研究显示，今年上半年全球清洁能源投资降至1176亿美元，同比下降14%，同期中国清洁能源投资同比下降39%。去年中国可再生能源政策的突然转变——限制太阳能与风能补贴——使这一全球最大市场的新项目急剧减少。,"Jul 11, 2019",2019-07-11T08:00:00.000Z
OR新媒体,@OR55102750,"https://pbs.twimg.com/media/FUNXSBMUYAAPD8M?format=jpg&name=small, https://pbs.twimg.com/media/FUNXSBMUYAAPD8M?format=jpg&name=small",,,,,https://x.com/OR55102750/status/1532164274994368512,https://x.com/OR55102750,"【中国财经媒体报道汇总：国常会部署加快稳经济一揽子政策措施落地生效】“十四五”可再生能源规划出炉；银保监会：强力整治保险机构大股东等关联方通过关联交易套取保险资金；上海市经信委：三家运营商已开通2万套数字哨兵。

【更多详情】http://oror.vip/%e4%b8%ad%e5%9b%bd%e8%b4%a2%e7%bb%8f%e5%aa%92%e4%bd%93%e6%8a%a5%e9%81%93%e6%b1%87%e6%80%bb%ef%bc%9a%e5%9b%bd%e5%b8%b8%e4%bc%9a%e9%83%a8%e7%bd%b2%e5%8a%a0%e5%bf%ab%e7%a8%b3%e7%bb%8f%e6%b5%8e%e4%b8%80/…","Jun 2, 2022",2022-06-02T00:56:44.000Z
汕頭融媒(100%Fo),@8r1tr3tQukv88nN,,,,,,https://x.com/8r1tr3tQukv88nN/status/1540701046166945792,https://x.com/8r1tr3tQukv88nN,"在“双碳”目标引领下，中国的减排降碳政策体系不断丰富，
水力发电、风力发电、光伏发电等可再生能源和新能源汽车发展迅猛，
已经成为世界首屈一指的可再生能源和新能源汽车大国。","Jun 26, 2022",2022-06-25T14:18:48.000Z
OR新媒体,@OR55102750,"https://pbs.twimg.com/media/FdI4ifhaUAc2OBa?format=jpg&name=small, https://pbs.twimg.com/media/FdI4ifhaUAc2OBa?format=jpg&name=small",,,,,https://x.com/OR55102750/status/1572381392574771200,https://x.com/OR55102750,【越南可再生能源发展战略与中企的机会】杨超：越南通过实行灵活的上网电价和投资保护政策来鼓励开发和使用可再生能源。中国企业积极参与越南可再生能源项目建设。【更多详情】http://oror.vip/%e8%b6%8a%e5%8d%97%e5%8f%af%e5%86%8d%e7%94%9f%e8%83%bd%e6%ba%90%e5%8f%91%e5%b1%95%e6%88%98%e7%95%a5%e4%b8%8e%e4%b8%ad%e4%bc%81%e7%9a%84%e6%9c%ba%e4%bc%9a/…,"Sep 21, 2022",2022-09-21T00:25:12.000Z
中国股市策略通（A股）,@jizhongying123,,,1,1,,https://x.com/jizhongying123/status/1491628273352470531,https://x.com/jizhongying123,发委印发关于完善能源绿色低碳转型体制机制和政策措施的意见：推动构建以清洁低碳能源为主体的能源供应体系。以沙漠、戈壁、荒漠地区为重点，加快推进大型风电、光伏发电基地建设，对区域内现有煤电机组进行升级改造，探索建立送受两端协同为新能源电力输送提供调节的机制。,"Feb 10, 2022",2022-02-10T04:21:08.000Z
Mexchina.org,@Mexchina_org,"https://pbs.twimg.com/media/FIWkhnnX0AY3ahM?format=png&name=small, https://pbs.twimg.com/media/FIWkhnnX0AY3ahM?format=png&name=small",,,,,https://x.com/Mexchina_org/status/1478768952633434115,https://x.com/Mexchina_org,政策频出，技术突破——从清洁能源发展看中国经济底气...,"Jan 6, 2022",2022-01-05T16:42:47.000Z
南洋商报eNanyang,@nanyangpress,"https://pbs.twimg.com/media/EDDPlH5UYAEwAg-?format=jpg&name=small, https://pbs.twimg.com/media/EDDPlH5UYAEwAg-?format=jpg&name=small",1,,,,https://x.com/nanyangpress/status/1166660544574582785,https://x.com/nanyangpress,分析称，中国在高技术产业培育政策“中国制造2025”中，把可再生能源定位为重点领域。中国在一带一路中也提出了出口绿色能源技术，在新兴市场国家获得大量订单。中国瞄准海外市场，快速向可再生能源过渡。《日本经济新闻》认为，全球的光伏发电根本离不开中国。http://enanyang.my/?p=1279301,"Aug 28, 2019",2019-08-28T10:35:23.000Z
徐思远 | God wills it,@Zealots2022,"https://pbs.twimg.com/media/GYrdqZ1WIAAuNe5?format=png&name=small, https://pbs.twimg.com/media/GYrdqZ1WIAAuNe5?format=png&name=small",1,7,,708,https://x.com/Zealots2022/status/1840527138392338894,https://x.com/Zealots2022,"拜登和哈里斯的可再生能源和电气化政策使美国依赖中国，从而将美国束缚在中国共产党的束缚下。

这些危险政策所宣称的理由是，化石燃料正在导致气候变化，因此必须强制停止其消费。

这些政策削弱了美国，对穷人、农民和小企业造成了不成比例的伤害，应该成为下一届政府废除的首要任务。",Sep 30,2024-09-29T23:00:39.000Z
特战时讯,@fengyunshe,,95,53,,1.4K,https://x.com/fengyunshe/status/1840373350914306381,https://x.com/fengyunshe,"将美国从中共的桎梏中解救出来
拜登政府的可再生能源和电气化政策鼓励购买中国可再生能源、电动汽车、电池和关键矿物，同时阻止开发和使用美国国内石油和天然气供应，破坏了美国的能源安全和独立性以致美国依赖中国，下一届政府应废除这些政策。",Sep 29,2024-09-29T12:49:33.000Z
特战时讯,@fengyunshe,,95,53,,1.4K,https://x.com/fengyunshe/status/1840373350914306381,https://x.com/fengyunshe,"将美国从中共的桎梏中解救出来
拜登政府的可再生能源和电气化政策鼓励购买中国可再生能源、电动汽车、电池和关键矿物，同时阻止开发和使用美国国内石油和天然气供应，破坏了美国的能源安全和独立性以致美国依赖中国，下一届政府应废除这些政策。",Sep 29,2024-09-29T12:49:33.000Z
Sin Chew Daily 星洲日報,@SinChewPress,,,,1,307,https://x.com/SinChewPress/status/1841010413905068432,https://x.com/SinChewPress,据报导，美国贸易官员本周可能会针对由中国企业营运、来自马来西亚、越南、泰国和柬埔寨等东南亚4国的太阳能电池板征收新的关税，美国制造商抱怨这些产品采用了不公平的补贴措施，使竞争对手的产品缺乏竞争力。,10h,2024-10-01T07:01:01.000Z
巴赫塔儿通讯社,@bnachinese,,,,,100,https://x.com/bnachinese/status/1749794981433499794,https://x.com/bnachinese,"据国际能源署报告，中国已经居于可再生能源应用领域领头羊地位。
国际能源署在报告中说：“2028年，全球可再生能源发电量的近60%将来自中国。虽然中国政府2020-2021年中止了新能源领域一系列补贴，但风电厂和太阳能电厂的建设势头依旧强劲”。",Jan 24,2024-01-23T14:03:27.000Z
Alex_感知,@Alex_perception,,,1,2,1.5K,https://x.com/Alex_perception/status/1715287908100485547,https://x.com/Alex_perception,今天路透社的一篇报道显示，由于当地制造商面临来自中国的日益激烈的竞争，欧盟计划加大对风能行业的财政支持，并审查对外国风电产品进口的补贴。草案称：“如果有正当理由，欧盟委员会将启动其贸易防御工具。”,"Oct 20, 2023",2023-10-20T08:44:40.000Z
桃花岛主(Lucky),@Mydoglucky2,"https://pbs.twimg.com/amplify_video_thumb/1725312198132760576/img/tVekrQN0BPAchVJ9.jpg, https://pbs.twimg.com/amplify_video_thumb/1725312198132760576/img/tVekrQN0BPAchVJ9.jpg, https://pbs.twimg.com/amplify_video_thumb/1725312198132760576/img/tVekrQN0BPAchVJ9.jpg",89,224,16,26K,https://x.com/Mydoglucky2/status/1725312698270056524,https://x.com/Mydoglucky2,77岁的川普总统在竞选集会上动情的演讲，痛数美国种种败象：由于拜登的腐败无能，对内经济正崩溃成墟，银行倒闭，利率飙升。因为推行激进左翼绿色新政，禁止开采而丧失能源独立，不得不向其他国家乞求石油。明知电动汽车无法走远，成本太高，且要依赖中国生产，还是要推动全面电动化，甚至包括军用坦克,"Nov 17, 2023",2023-11-17T00:39:36.000Z
※范强※法特姗瑟希蒲※,@fightcensorship,,3,9,2,,https://x.com/fightcensorship/status/1463183531669086222,https://x.com/fightcensorship,氢能源被一些人视为纯绿色能源，是可持续性的能源，用于多种行业，但成本较高无法完全取代目前的化石燃料，只是未来有潜力的干净能源。全球最大的会计公司德勤（Deloitte）在今年9月为中国政府提供了一份氢能源前景报告，详细列出氢能源在各行业的潜力评估。就汽车来说公交车前景不错，但家用车是低。,"Nov 24, 2021",2021-11-23T16:31:53.000Z
萧生客SSK,@SSK2024,"https://pbs.twimg.com/amplify_video_thumb/1724653719302639616/img/hY1WkXKlOzMyuqk6.jpg, https://pbs.twimg.com/amplify_video_thumb/1724653719302639616/img/hY1WkXKlOzMyuqk6.jpg, https://pbs.twimg.com/amplify_video_thumb/1724653719302639616/img/hY1WkXKlOzMyuqk6.jpg",131,403,20,55K,https://x.com/SSK2024/status/1724654774841122999,https://x.com/SSK2024,77岁的川普总统在竞选集会上动情的演讲，痛数美国种种败象：由于拜登的腐败无能，对内经济正崩溃成墟，银行倒闭，利率飙升。因为推行激进左翼绿色新政，禁止开采而丧失能源独立，不得不向其他国家乞求石油。明知电动汽车无法走远，成本太高，且要依赖中国生产，还是要推动全面电动化，甚至包括军用坦克,"Nov 15, 2023",2023-11-15T05:05:15.000Z
KAIJU | ERC20,@kaijuerc20,,5,8,1,,https://x.com/kaijuerc20/status/1416676363105447939,https://x.com/kaijuerc20,"德州为什么成为挖矿首府。
中国电力并不便宜，便宜的是场地建设/运维还有矿机优势。
美国电力成本远低于中国，并且电力买卖高度市场化。

因此德州优势：
1. 老天赏饭吃：德州的电是全美国最便宜的州之一，风能+太阳能占比 30%，风能是所有可再生能源里最便宜的。作为石油大省，天然气占发电40%-50%。","Jul 18, 2021",2021-07-18T08:29:00.000Z
fufuji97,@fufuji97,,7,27,15,,https://x.com/fufuji97/status/1154915623224238080,https://x.com/fufuji97,那天看了一篇文章，说最近欧洲很热，在德国安装一个空调的前后过程，刚开始看完我还不相信，后来一问，居然是真的，同样的空调在中国买是五千人民币，在德国是一万，另外安装费居然还要一万，中国是免费安装，这还不算，电费 居然是中国的五倍，这就是绿色能源的后果，结果写文章那个人跑回国避暑了,"Jul 27, 2019",2019-07-27T00:45:16.000Z
西瓜小丸子,@xiguaxiaow42458,https://pbs.twimg.com/ext_tw_video_thumb/1775000639048990720/pu/img/4bgDR27o82R0IPfK.jpg,1,2,,519,https://x.com/xiguaxiaow42458/status/1775000816304390551,https://x.com/xiguaxiaow42458,欧盟集中了世界上数量最多的发达国家，有责任在应对气候变化方面多挑担子、先走几步。然而，国际社会看到的是，美欧对做出的承诺“翻烧饼”或者“小步后退”。中国清洁能源技术和产业的发展为自身和全球绿色转型提供了巨大可能性，西方不是为这一突破感到高兴，而是各种抹黑、想出各色政策壁垒企图加以限制,Apr 2,2024-04-02T03:22:27.000Z
曲城萌萌,@qchngmngmn39990,,,,,31,https://x.com/qchngmngmn39990/status/1833791177407320490,https://x.com/qchngmngmn39990,"【绿色转型：中国经济可持续发展的新引擎】
面对全球气候变化的挑战，中国正积极推动经济绿色转型。通过发展可再生能源、推广绿色低碳技术",Sep 11,2024-09-11T08:54:21.000Z
Amy,@Amy401048261613,"https://pbs.twimg.com/media/GH8qHnLbkAAKJTI?format=jpg&name=small, https://pbs.twimg.com/media/GH8qHnLbkAAKJTI?format=jpg&name=small",,5,,104,https://x.com/Amy401048261613/status/1765175912688152684,https://x.com/Amy401048261613,全国政协委员、中国气象局科技与气候变化司副司长张兴赢介绍说，我国可再生能源装机容量居世界第一；全球1/4的新增绿化面积来自中国；我国成为唯一同时运行黎明、上午、下午、倾斜4条近地轨道气象卫星的国家，为129个国家实时提供地球观测数据……,Mar 6,2024-03-06T00:41:47.000Z
曹山石,@caolei1,,56,160,60,,https://x.com/caolei1/status/1308960884010545155,https://x.com/caolei1,在联合国大会上，川普批评中国的碳排放量几乎是美国的两倍；而拜登已誓言，若当选，他将在气候变化问题上采取更强硬的立场。习则承诺中国将在2060年前实现“碳中和”。这是中国迄今在气候变化问题上最大胆的承诺。——这是十四五规划中可再生能源比例有望大幅提高的政治基础。,"Sep 24, 2020",2020-09-24T02:46:08.000Z
Bo Wang,@cbnwangbo,,,,,,https://x.com/cbnwangbo/status/1308969852552577025,https://x.com/cbnwangbo,在联合国大会上，川普批评中国的碳排放量几乎是美国的两倍；而拜登已誓言，若当选，他将在气候变化问题上采取更强硬的立场。习则承诺中国将在2060年前实现“碳中和”。这是中国迄今在气候变化问题上最大胆的承诺。——这是十四五规划中可再生能源比例有望大幅提高的政治基础。,"Sep 24, 2020",2020-09-24T03:21:46.000Z
Freemanparadise,@paradisefreeman,,1,1,,,https://x.com/paradisefreeman/status/1323685076916318208,https://x.com/paradisefreeman,"拜登政策：
1  新型冠状病毒疫情-全国检测追踪
2  就业财政-提升最低工资，绿色能源
3  种族問題-刑事司法改革，保障少数社群
4  气候变化-重回气候协定
5  外交政策-美国挑战中国
6  医疗卫生-扩展奥巴马医保
7  移民政策-撤销特朗普移民政策
8  教育-全民学前班免费学院","Nov 4, 2020",2020-11-03T17:54:49.000Z
纽约时报中文网,@nytchinese,,3,8,15,37K,https://x.com/nytchinese/status/1831174364793888877,https://x.com/nytchinese,拜登总统的气候问题最高外交官约翰·波德斯塔周二前往北京，他计划与中国气候特使刘振民以及负责煤炭开发和可再生能源生产的官员举行会谈。预计他将敦促中国领导人制定更雄心勃勃的计划，减少导致气候变化的温室气体排放。,Sep 4,2024-09-04T03:36:04.000Z
博讯新闻网,@boxun,"https://pbs.twimg.com/media/F4gwnSWbwAAym-S?format=png&name=small, https://pbs.twimg.com/media/F4gwnSWbwAAym-S?format=png&name=small",3,4,11,4.7K,https://x.com/boxun/status/1695716529646477312,https://x.com/boxun,【四年来首位加拿大部长访华】加拿大环境与气候变化部长吉尔博特26日启程前往北京，参加有关应对气候变化和保护生物多样性的会谈。加拿大和中国都是排放大国，本次吉尔博特想提出的两个重要问题是甲烷减排和全球可再生能源目标，“我希望我们能就一些与气候变化有关的问题进行开诚布公的对话”。,"Aug 27, 2023",2023-08-27T08:35:00.000Z
Echo@522,@EchoEcho5221,,,1,,,https://x.com/EchoEcho5221/status/1590854662458322944,https://x.com/EchoEcho5221,"中国的可再生能源（装机规模）在去年（2021）年底已经达到11.2亿千瓦，现在很多发达国家的可再生能源的装机总量加起来也没有达到中国的水平。

应对气候变化中国从来不说空话，反观发达国家“已欠2600多亿”承诺未兑现。放大话吹牛皮第一名。","Nov 11, 2022",2022-11-10T23:51:22.000Z
ken peng,@kenpeng2008,,,,,38,https://x.com/kenpeng2008/status/1734001351741645274,https://x.com/kenpeng2008,"《联合国气候变化框架公约》第二十八次缔约方大会正在阿联酋迪拜召开。在本次联合国气候变化大会上，制定减排方案、减少石油及煤炭等化石燃料生产、增加可再生能源使用等议题成为讨论重点。
国际可再生能源署总干事卡梅拉表示，中国在可再生能源领域取得的成就令人瞩目。","Dec 11, 2023",2023-12-11T00:05:13.000Z
Libra,@Libra8169109,"https://pbs.twimg.com/media/GH_Ck4pbwAAqfiV?format=jpg&name=small, https://pbs.twimg.com/media/GH_Ck4pbwAAqfiV?format=jpg&name=small",,,,31,https://x.com/Libra8169109/status/1765343539628814698,https://x.com/Libra8169109,全国政协委员、中国气象局科技与气候变化司副司长张兴赢介绍说，我国可再生能源装机容量居世界第一；全球1/4的新增绿化面积来自中国；我国成为唯一同时运行黎明、上午、下午、倾斜4条近地轨道气象卫星的国家，为129个国家实时提供地球观测数据……,Mar 6,2024-03-06T11:47:53.000Z
睚鲁,@YShengjing,https://pbs.twimg.com/amplify_video_thumb/1761049897678045184/img/3ePUeQ6BXLbD1kW2.jpg,,,1,79,https://x.com/YShengjing/status/1761051989431963732,https://x.com/YShengjing,"G#新中国联邦 #新闻访谈 #环保 和 #全球变暖 成了邪教？ 美国国会推出天然气潜力法案 力图突破能源自给限制

谈论要点：
1、美国众议院推出天然气潜力方案，谈谈目前美国的能源政策，压制传统能源和背后的原因。

2、全球变暖是一个伪命题吗？

3、环保究竟是一个借口还是利益",Feb 24,2024-02-23T15:34:47.000Z
伍凡,@wufanus,,,,,82,https://x.com/wufanus/status/1660487838511636480,https://x.com/wufanus,"为制衡中国，G7国家借鉴“中国经验”

拜登抱着让美国在有助于应对气候变化的先进能源技术竞争中占据主导地位的希望，在此前几个月签署了一系列法律，旨在大力增强美国的工业能力、对向中国出口技术实施新的限制措施。

这模仿了中国为成为世界制造业领导者所采取的产业政策。

https://cn.nytimes.com/world/20230522/biden-industrial-policy/…","May 22, 2023",2023-05-22T03:28:45.000Z
Jing Feng,@JingFeng22,"https://pbs.twimg.com/media/FuOKNwWagAAqIz_?format=jpg&name=small, https://pbs.twimg.com/media/FuOKNwWagAAqIz_?format=jpg&name=small",2,5,1,463,https://x.com/JingFeng22/status/1649314743545634816,https://x.com/JingFeng22,秦刚：一个人与自然和谐共生的现代化，必将为建设清洁美丽世界提供更可行方案。习近平主席指出，绿水青山就是金山银山。中国自觉把保护生态环境、应对气候变化的责任扛在肩上，创造了多个全球第一：人工造林规模全球第一，占全球1／4；可再生能源开发利用规模全球第一，风电、太阳能装机容量占...,"Apr 21, 2023",2023-04-21T07:30:52.000Z
Shirley Gipson,@ShirleyGipson15,,,,,2,https://x.com/ShirleyGipson15/status/1715581343458083148,https://x.com/ShirleyGipson15,"通过""一带一路""倡议，中国可能会分享其在可再生能源技术和绿色经济发展方面的经验，这对于应对气候变化和推动可持续发展具有重要价值","Oct 21, 2023",2023-10-21T04:10:40.000Z
【财经视点】看头像送美金,@jv4BcVk8ypOizSr,,,,,15,https://x.com/jv4BcVk8ypOizSr/status/1721755606720139723,https://x.com/jv4BcVk8ypOizSr,中国可再生能源发展40年，从无到有，从小到大，无论装机容量还是产能产量均居世界前列。为我国清洁低碳转型和全球气候变化贡献巨大。,"Nov 7, 2023",2023-11-07T05:04:59.000Z
Dr. y 反国安法，反民族灭绝，支持BLM，w,@Wang1Yw,,,1,,,https://x.com/Wang1Yw/status/1207185967490195456,https://x.com/Wang1Yw,拖拉机和牛当然只是比喻啊，说的是高生产效率伴随着高能源应用，于是就有了高排炭量。并不是说农业排炭量占主要啊。但是研究气候变化的专家发现中国现在在大批地建煤矿发电厂，明显地在气候政策上开倒车。,"Dec 18, 2019",2019-12-18T06:28:57.000Z
Guang Qing Yang,@YangGuangQing7,https://pbs.twimg.com/ext_tw_video_thumb/1721777227585699840/pu/img/iYpKbckwLw7w0eHs.jpg,,3,,28,https://x.com/YangGuangQing7/status/1722101069592109502,https://x.com/YangGuangQing7,联合国环境规划署执行主任英格·安德森在最近接受《中国日报》采访时赞扬了中国为全球应对气候变化所做的贡献，并特别关注可再生能源领域。,"Nov 8, 2023",2023-11-08T03:57:44.000Z
燕百万（互赞）,@yanbaiwan4,,,2,,51,https://x.com/yanbaiwan4/status/1724045225239380313,https://x.com/yanbaiwan4,在气候问题严峻的当下，中国作为全球最大碳排放国之一，通过大力推动可再生能源的发展，向世界展示了一个积极应对气候变化的新方向。,"Nov 13, 2023",2023-11-13T12:43:07.000Z
徐思远 | God wills it,@Zealots2022,"https://pbs.twimg.com/media/GYrdqZ1WIAAuNe5?format=png&name=small, https://pbs.twimg.com/media/GYrdqZ1WIAAuNe5?format=png&name=small",1,7,,709,https://x.com/Zealots2022/status/1840527138392338894,https://x.com/Zealots2022,"拜登和哈里斯的可再生能源和电气化政策使美国依赖中国，从而将美国束缚在中国共产党的束缚下。

这些危险政策所宣称的理由是，化石燃料正在导致气候变化，因此必须强制停止其消费。

这些政策削弱了美国，对穷人、农民和小企业造成了不成比例的伤害，应该成为下一届政府废除的首要任务。",Sep 30,2024-09-29T23:00:39.000Z
世界和中国新闻,@ChinaOneNews,,,,,,https://x.com/ChinaOneNews/status/1121267240488308736,https://x.com/ChinaOneNews,中巴“气候变化与可再生能源”研讨会在巴西累西腓举行 http://chinanews.com/gn/2019/04-25/8819731.shtml… #新闻 #中国 #世界,"Apr 25, 2019",2019-04-25T04:18:36.000Z
ᴿᵉᵇᵉˡRFAChinese,@RFAChinese,,,,,,https://x.com/RFAChinese/status/1454483236713795586,https://x.com/RFAChinese,"中国将要做的一切对于全球减缓灾难性气候变化的努力至关重要。

更新的NDC承诺了中国领导人习近平近一年前提出的四项主要内容：中国的二氧化碳排放量将在2030年之前达到峰值；二氧化碳排放强度将比2005年下降65%；确保可再生能源占能源消费比重的四分之一","Oct 31, 2021",2021-10-30T16:20:01.000Z
ᴿᵉᵇᵉˡRFAChinese,@RFAChinese,,,1,,,https://x.com/RFAChinese/status/1339562242220716037,https://x.com/RFAChinese,"矿业政策仍能决定澳大利亚选举，现任保守党政府执意在气候变化问题上做最小的努力，这使得中国对进口煤炭的限制具有象征性以及文化和经济上的冲击力。

“转型已被强加到我们身上，”独立智库澳大利亚研究所气候与能源项目主任里奇·梅尔兹安说。“现在很难看到事情会真正好转。”","Dec 18, 2020",2020-12-17T13:25:01.000Z
ᴿᵉᵇᵉˡRFAChinese,@RFAChinese,,,1,,1.1K,https://x.com/RFAChinese/status/1660894581674725377,https://x.com/RFAChinese,"拜登抱着让美国在有助于应对气候变化的先进能源技术竞争中占据主导地位的希望，曾在此前几个月签署了一系列法律

这一努力模仿了中国为成为世界制造业领导者所采取的产业政策。在巴厘岛与拜登会晤时，习近平敦促后者放弃这个做法。","May 23, 2023",2023-05-23T06:25:00.000Z
纽约时报中文网,@nytchinese,,3,21,23,56K,https://x.com/nytchinese/status/1724961623008501949,https://x.com/nytchinese,中美两国已同意共同应对全球变暖问题，将通过可再生能源的使用来逐步取代化石燃料。气候合作被视为此次习拜会的亮点之一。中国没有在声明中承诺逐步减少煤炭使用、停止批准和建设新燃煤发电厂，但同意对包括甲烷在内的所有温室气体排放设定减排目标。,"Nov 16, 2023",2023-11-16T01:24:33.000Z
新闻一分钟,@zhangdl12,,,,,44,https://x.com/zhangdl12/status/1779221578686849499,https://x.com/zhangdl12,全球燃煤电厂数量在2023年有所增长，主要由中国新建电厂和西方国家退役速度放缓引起。科学家呼吁尽快放弃煤炭，以避免全球变暖，但工业化国家如中国和印度设定了更长的能源转型期限。富裕国家为发展中国家提供贷款，以帮助他们转向可再生能源，但资金使用受限。,Apr 14,2024-04-13T18:54:15.000Z
cc,@cc47943995,"https://pbs.twimg.com/media/FEn8_VOXoAEAiB7?format=jpg&name=small, https://pbs.twimg.com/media/FEn8_VOXoAEAiB7?format=jpg&name=small",1,2,,,https://x.com/cc47943995/status/1461977737690636289,https://x.com/cc47943995,菌草技术是“以草代木”发展起来的中国特有技术，至今这一技术已推广至全球一百多个国家。20多年来，福建与不少太平洋岛国建立了友好关系，源自福建的菌草技术被引入造福当地人民，合作紧扣消除贫困、促进就业、可再生资源利用和应对气候变化等发展目标，受到“一带一路”沿线国家和地区的普遍欢迎。,"Nov 20, 2021",2021-11-20T08:40:29.000Z
BJD Review,@bjd_review,"https://pbs.twimg.com/media/GRFd3LDaMAAYODd?format=jpg&name=small, https://pbs.twimg.com/media/GRFd3LDaMAAYODd?format=jpg&name=small",,,,21,https://x.com/bjd_review/status/1806328203075793203,https://x.com/bjd_review,"【中国的可持续发展有目共睹】
去年12月《联合国气候变化框架公约》第28次缔约方大会设定了到2030年将可再生能源装机容量增至3倍的目标。中国是全球最大的可再生能源市场和设备制造国，过去10年对全球非化石能源消费增长贡献度超过40%。2023年全球可再生能源新增装机5.1亿千瓦，中国贡献超过一半。",Jun 28,2024-06-27T14:06:18.000Z
澳喜G媒体,@GTV26543476,,28,8,,201,https://x.com/GTV26543476/status/1735482409523835367,https://x.com/GTV26543476,在第28届联合国气候变化大会（COP28）上，由于中国和印度这两个人口最多的国家未能支持在2030年前将可再生能源来源增加到原来的三倍的承诺，各国普遍满意的非化石能源转型的承诺变得不尽如人意。,"Dec 15, 2023",2023-12-15T02:10:24.000Z
老譚發布 ☭,@txc66888,https://pbs.twimg.com/media/EKhGcwZUcAAU6AK?format=jpg&name=small,,1,,,https://x.com/txc66888/status/1200286768181825538,https://x.com/txc66888,西班牙皇家埃尔卡诺研究所网站发表题为《中国准备好联合领导应对了吗？》的文章称，12月即将在马德里举办的第25届联合国气候变化大会能否成功，以及《巴黎协定》能否落实，中国的态度是决定因素之一。中国非常积极地参与国际可持续项目融资，北京在可再生能源投资方面处于领先地位。,"Nov 29, 2019",2019-11-29T05:34:00.000Z
zhangshengyuan（互fo）,@zhangshengyua15,https://pbs.twimg.com/media/GIEK23RaEAAl4-Y?format=jpg&name=small,,8,,95,https://x.com/zhangshengyua15/status/1765704579256393991,https://x.com/zhangshengyua15,全国政协委员、中国气象局科技与气候变化司副司长张兴赢介绍说，我国可再生能源装机容量居世界第一；全球1/4的新增绿化面积来自中国；我国成为唯一同时运行黎明、上午、下午、倾斜4条近地轨道气象卫星的国家，为129个国家实时提供地球观测数据……,Mar 7,2024-03-07T11:42:31.000Z
日經中文網,@rijingzhongwen,"https://pbs.twimg.com/media/ExxHKGHVoAAQkxN?format=jpg&name=360x360, https://pbs.twimg.com/media/ExxHKGHVoAAQkxN?format=jpg&name=360x360",6,6,4,,https://x.com/rijingzhongwen/status/1377053851631513601,https://x.com/rijingzhongwen,【丹尼尔·耶金谈中美对立对脱碳化的影响】能源问题研究专家丹尼尔·耶金：据说美国当局打算在气候变化问题上与中国展开合作。中国已经深深嵌入全球经济。出台孤立中国的政策非常困难。中国减排不是单纯因为担心大气污染和地球环境……https://cn.nikkei.com/columnviewpoint/viewpoint/44262-2021-03-31-05-00-11.html…,"Mar 31, 2021",2021-03-31T00:23:17.000Z
Herodote63 (Rémy Malgouyres),@herodote63,"https://pbs.twimg.com/media/ExG1OlsXIAE6q4U?format=jpg&name=small, https://pbs.twimg.com/media/ExG1OlsXIAE6q4U?format=jpg&name=small",,,,,https://x.com/herodote63/status/1374080519391088642,https://x.com/herodote63,"确实不可能将经济规模扩大一倍，同时解决全球变暖问题。

如果中国想履行其“零碳”承诺，那么中国必须要淘汰十分之九的工厂。

我认为我们必须考虑另一条现实的轨迹。 

即使不考虑全球变暖，当前趋势也将终止，因为化石燃料将终止，并且将不再有任何行业。

可再生能源不能改变这一点。","Mar 23, 2021",2021-03-22T19:28:19.000Z
朱韵和,@zhu0588,"https://pbs.twimg.com/media/F_NQovuagAA9pcd?format=jpg&name=small, https://pbs.twimg.com/media/F_NQovuagAA9pcd?format=jpg&name=small",1,11,8,24K,https://x.com/zhu0588/status/1725811757560864838,https://x.com/zhu0588,"中国“不关心”气候变化
白宫前新闻秘书肖恩·斯派塞批评美国试图与中国谈判，“就好像他们认为中国在乎一样”。
乔·拜登和习近平在亚太经合组织峰会期间会面，讨论如何管理两个全球超级大国之间的战略竞争和改善沟通渠道。
美国和中国同意重启能源政策谈判并成立加强气候行动工作组。  https://t.co/hcMt6UVBHS","Nov 18, 2023",2023-11-18T09:42:41.000Z
l'étrangère,@LJardine93,,,,,,https://x.com/LJardine93/status/1563484396807548928,https://x.com/LJardine93,仿佛#重庆已经成为所有这些全球危机点的中心：干旱、热浪、气候变化带来的威胁粮食供应的极端天气、关于可再生能源的辩论以及在#中国正在进行的清零方法中的#冠状病毒。,"Aug 27, 2022",2022-08-27T11:11:42.000Z
法比奥奥奥,@carraro007007,,,1,,,https://x.com/carraro007007/status/1441000502162984960,https://x.com/carraro007007,这其实是中国转型机遇 房地产为主的基建和财政已经走到头啦 要发展制造业就必须要更大的附加值 可再生能源能够创造生产 制造 安装 调试 维护大量的就业机会 应该有一个气候变化决议再20界1中全人士安排以后立刻召开2中全会通过 当成首要大事来抓 这也是东升西降 宏大叙事 百年不遇大变局,"Sep 23, 2021",2021-09-23T11:24:26.000Z
法比奥奥奥,@carraro007007,,,1,,,https://x.com/carraro007007/status/1441000502162984960,https://x.com/carraro007007,这其实是中国转型机遇 房地产为主的基建和财政已经走到头啦 要发展制造业就必须要更大的附加值 可再生能源能够创造生产 制造 安装 调试 维护大量的就业机会 应该有一个气候变化决议再20界1中全人士安排以后立刻召开2中全会通过 当成首要大事来抓 这也是东升西降 宏大叙事 百年不遇大变局,"Sep 23, 2021",2021-09-23T11:24:26.000Z
可乐果冻,@keleguodong,,,4,,,https://x.com/keleguodong/status/1331303995520987142,https://x.com/keleguodong,"Climate only changes when the left opens mouth. 

用气候变化转移对国内政策问题的关注，顺便加大新能源推进，你们知道新能源最大收益国是哪个国家吗。

中国利用价格战打压全球锂电池市场，早期造成其他地区锂电池矿场没有收入而退市，然后再全球收购，连特斯拉都要低下头颅靠中国电池吃饭。","Nov 25, 2020",2020-11-24T18:29:41.000Z
博弈对冲交易者,@wangwatchworld,,2,7,,,https://x.com/wangwatchworld/status/1440573229303689219,https://x.com/wangwatchworld,基本上投资人把握几点：中国的碳中和政策不会停，因此围绕着这个背景的能源结构性变化，去做长期考虑。同时要考虑到气候变暖的人类努力一定失败，故此要考虑粮食产业的投资机会。考虑灾害性气候对能源和粮食的影响。,"Sep 22, 2021",2021-09-22T07:06:37.000Z
Weihai Torch High-tech Zone,@wihigoxnqwnl1,"https://pbs.twimg.com/media/F_Wj7cEbYAArta2?format=jpg&name=360x360, https://pbs.twimg.com/media/F_Wj7cEbYAArta2?format=jpg&name=360x360",,5,,20K,https://x.com/wihigoxnqwnl1/status/1726466322320728570,https://x.com/wihigoxnqwnl1,高质量共建“一带一路”，绿色始终是鲜明底色。从2014年到2020年，中国在“一带一路”项目中可再生能源投资占比大幅提升了近40%，超过了化石能源投资，积极响应国际呼吁，积极履行环保责任，开展生态环境治理，注重生物多样性保护，积极参与全球气候变化治理。#共商共享共建中的一带一路,"Nov 20, 2023",2023-11-20T05:03:42.000Z
马来西亚中国报,@mychinapress,"https://pbs.twimg.com/media/Fj_VkDEVUAAQXjE?format=jpg&name=small, https://pbs.twimg.com/media/Fj_VkDEVUAAQXjE?format=jpg&name=small",,1,,,https://x.com/mychinapress/status/1603234811975413762,https://x.com/mychinapress,"该协议将加强就全球关注的问题进行政治对话，并将在广泛的政策领域为互利合作提供更多空间，包括环境、能源、气候变化、运输、贸易、就业和社会事务、人权、农业、防扩散、反恐、打击有组织犯罪和移民.....
https://chinapress.com.my/?p=3240049
抢先体验，立即订阅，步骤easy啦
https://chinapress.com.my/subscribe","Dec 15, 2022",2022-12-15T03:45:40.000Z
China Observer,@ChinaObserver2,"https://pbs.twimg.com/media/E-XdfcaVEAc6GiT?format=jpg&name=360x360, https://pbs.twimg.com/media/E-XdfcaVEAc6GiT?format=jpg&name=360x360",,,,,https://x.com/ChinaObserver2/status/1434094886043652096,https://x.com/ChinaObserver2,RT @mofazhuzhu: 中国已将菌草技术推广至全球一百多个国家，助力发展中国家消除贫困、促进就业、可再生资源利用和应对气候变化等，这是一项保持可持续发展的技术，是造福发展中国家人民的“幸福草”。,"Sep 4, 2021",2021-09-04T10:03:59.000Z
工劳快讯：关注当代打工人,@laborpowercn,,,,,,https://x.com/laborpowercn/status/1530056223315267585,https://x.com/laborpowercn,"新政策要求“一带一路”项目与《巴黎协定》保持一致

#绿色 - “一带一路”倡议必须与《巴黎协定》保持一致，中国将“推动各方全面履行《联合国气候变化框架公约》及其《巴黎协定》”，特别是通过支持能源转型和绿色交通。

https://archive.ph/wip/lmk4v","May 27, 2022",2022-05-27T05:20:05.000Z
Inty热点新闻,@__Inty__,"https://pbs.twimg.com/media/FGE10jkVcAEAQcO?format=jpg&name=360x360, https://pbs.twimg.com/media/FGE10jkVcAEAQcO?format=jpg&name=360x360",1,22,1,,https://x.com/__Inty__/status/1468515310475124736,https://x.com/__Inty__,"今年的台湾能源展重点关注我们向绿色能源的持续转型。 #Taiwan 正在努力扩大可再生能源容量，以便我们能够在缓解气候变化的同时满足业务需求。 https://pic.x.com/JXa7HLVqZp

(各国元首谈台湾或中国--）
https://x.com/iingwen/status/1468514144261656580…","Dec 8, 2021",2021-12-08T09:38:28.000Z
Chunyu 春雨,@Chunyu_China,"https://pbs.twimg.com/media/GH53n57bIAAWThQ?format=jpg&name=small, https://pbs.twimg.com/media/GH53n57bIAAWThQ?format=jpg&name=small",2,6,,318,https://x.com/Chunyu_China/status/1764979634255667602,https://x.com/Chunyu_China,全国政协委员、中国气象局科技与气候变化司副司长张兴赢介绍说，我国可再生能源装机容量居世界第一；全球1/4的新增绿化面积来自中国；我国成为唯一同时运行黎明、上午、下午、倾斜4条近地轨道气象卫星的国家，为129个国家实时提供地球观测数据……。” #2024全国两会,Mar 5,2024-03-05T11:41:51.000Z
Chunyu 春雨,@Chunyu_China,"https://pbs.twimg.com/media/GH53n57bIAAWThQ?format=jpg&name=small, https://pbs.twimg.com/media/GH53n57bIAAWThQ?format=jpg&name=small",2,6,,318,https://x.com/Chunyu_China/status/1764979634255667602,https://x.com/Chunyu_China,全国政协委员、中国气象局科技与气候变化司副司长张兴赢介绍说，我国可再生能源装机容量居世界第一；全球1/4的新增绿化面积来自中国；我国成为唯一同时运行黎明、上午、下午、倾斜4条近地轨道气象卫星的国家，为129个国家实时提供地球观测数据……。” #2024全国两会,Mar 5,2024-03-05T11:41:51.000Z
ᴿᵉᵇᵉˡRFAChinese,@RFAChinese,,,,,275,https://x.com/RFAChinese/status/1787027200685821983,https://x.com/RFAChinese,全人类都需要大规模、快速转向可再生能源。美国在创新方面仍处于领先地位，而中国则擅长将前沿科学以具有成本效益的方式应用到现实世界中。如果美国政界人士、投资者和企业认识到，气候变化是人类最大威胁，这将为同中国外交、合作和建设性竞争开辟道路，使我们所有人受益。,May 5,2024-05-05T07:51:00.000Z
ᴿᵉᵇᵉˡRFAChinese,@RFAChinese,,,,,277,https://x.com/RFAChinese/status/1792504795858694406,https://x.com/RFAChinese,为什么不买便宜的中国电池呢？这是一个政治经济问题。考虑到气候变化带来的生存威胁，绿色能源转型背后的政治联盟不应该是脆弱的，但它确实是脆弱的。拜登政府能够得到这些针对可再生能源的大笔补贴，必需将它们与创造国内制造业就业机会挂钩。,May 20,2024-05-20T10:37:01.000Z
ᴿᵉᵇᵉˡRFAChinese,@RFAChinese,,,,,237,https://x.com/RFAChinese/status/1792493219386704048,https://x.com/RFAChinese,为什么美国不能接受来自中国的廉价商品？人们依然在担忧第一次中国冲击造成的社区混乱。但还有一个新问题：气候变化。被征收新关税或被提高关税货物主要是与绿色能源过渡有关的产品；电动汽车一直备受关注，但巨型电池—它现在开始在解决可再生能源间歇性问题方面发挥关键作用,May 20,2024-05-20T09:51:01.000Z
ᴿᵉᵇᵉˡRFAChinese,@RFAChinese,,,,,355,https://x.com/RFAChinese/status/1831494960606072930,https://x.com/RFAChinese,"波德斯塔计划与中国气候变化事务特使刘振民，以及负责煤炭开发和可再生能源生产的部长们举行会谈。预计他还将会见解振华，这位退休的高级气候特使目前仍在从事外交工作。

气候专家表示，如果拜登和习近平在11月会面，他们希望此行将有助于气候问题进入议程。",Sep 5,2024-09-05T00:50:00.000Z
MoshangUSA,@MoshangUsa,,,5,,,https://x.com/MoshangUsa/status/1592712635119972353,https://x.com/MoshangUsa,"美国几乎不制造任何太阳能生产元件，该行业80%的产业链依靠中国。

另外，其实太阳能电池废旧处理污染极大，谈可再生能源的从来回避这个重要问题。

更悲催的，MIT参与研发的气候模型证明太阳能对于减少全球变暖作用几乎为零。
#renewableenergy #solarpanels #greennewdeal","Nov 16, 2022",2022-11-16T02:54:18.000Z
生态梦人2,@O9eAzuk9yYgw66p,"https://pbs.twimg.com/ext_tw_video_thumb/1594586652252536832/pu/img/aZKnBc2GyU3yCp8r.jpg, https://pbs.twimg.com/ext_tw_video_thumb/1594586652252536832/pu/img/aZKnBc2GyU3yCp8r.jpg, https://pbs.twimg.com/ext_tw_video_thumb/1594586652252536832/pu/img/aZKnBc2GyU3yCp8r.jpg",,1,,,https://x.com/O9eAzuk9yYgw66p/status/1594587327296409600,https://x.com/O9eAzuk9yYgw66p,"解振华表示，损失与损害基金的受益方是发展中国家，但鉴于资金规模有限，应该首先给在气候变化面前最脆弱、最有需要的国家。
解振华强调，中国通过南南合作和绿色“一带一路”等，帮助发展中国家提高应对气候变化的能力，如帮助发展中国家发展可再生能源、建设低碳转型示范区、培训官员和技术人员。","Nov 21, 2022",2022-11-21T07:03:39.000Z
自由金融 Free Finance,@FinancialCN,"https://pbs.twimg.com/media/FwfpRObakAIjLCO?format=jpg&name=medium, https://pbs.twimg.com/media/FwfpRObakAIjLCO?format=jpg&name=medium",,,1,187,https://x.com/FinancialCN/status/1659551475524304896,https://x.com/FinancialCN,"转发微博10.

重磅！可再生能源电价补贴大核查 这家上市公司需退回超4亿元补贴.

以上废止批复上网电价文件涉及太极实业子公司中国电子十一科技内蒙地区所属巴拉贡10MWp光伏发电项目、锡林浩特胜利20MWp，光伏发电项目、察右后旗红牧二期风光同场30MWp光伏发电项目、
1/n","May 19, 2023",2023-05-19T13:27:59.000Z
OR新媒体,@OR55102750,"https://pbs.twimg.com/media/FdI4ifhaUAc2OBa?format=jpg&name=small, https://pbs.twimg.com/media/FdI4ifhaUAc2OBa?format=jpg&name=small",,,,,https://x.com/OR55102750/status/1572381392574771200,https://x.com/OR55102750,【越南可再生能源发展战略与中企的机会】杨超：越南通过实行灵活的上网电价和投资保护政策来鼓励开发和使用可再生能源。中国企业积极参与越南可再生能源项目建设。【更多详情】http://oror.vip/%e8%b6%8a%e5%8d%97%e5%8f%af%e5%86%8d%e7%94%9f%e8%83%bd%e6%ba%90%e5%8f%91%e5%b1%95%e6%88%98%e7%95%a5%e4%b8%8e%e4%b8%ad%e4%bc%81%e7%9a%84%e6%9c%ba%e4%bc%9a/…,"Sep 21, 2022",2022-09-21T00:25:12.000Z
BIPV中国,@bipvcn,,,,,,https://x.com/bipvcn/status/380175779990339584,https://x.com/bipvcn,捷克共和国终止FIT补贴项目 延长光伏税收期限: 捷克议会上议院于上周五审批通过了一项法案，终止对所有可再生能源发放FIT上网电价补贴并延长对光伏发电站的征税期限。捷克光伏产业协会计划对… http://goo.gl/fb/qXBAM,"Sep 18, 2013",2013-09-18T03:45:43.000Z
kz,@kzrss,,,,,,https://x.com/kzrss/status/3526792563,https://x.com/kzrss,可再生能源法草案修改 新能源发电将获补贴: 　　昨日，中国可再生能源法修正案草案（下称“草案”）正式提交全国人大常委会审议。草案内容显示，中国的可再生能源发电将全面获得政府财政补贴，可再生能源发电的上网电价管理也将进一步完善。 http://bit.ly/1c2k6,"Aug 25, 2009",2009-08-25T02:50:32.000Z
BIPV中国,@bipvcn,,,,,,https://x.com/bipvcn/status/409894246452572160,https://x.com/bipvcn,马来西亚将可再生能源附加费提高60%: 马来西亚可持续能源发展局(SEDA)日前宣布，从明年开始，用于资助马来西亚上网电价补贴(FiT)的电力附加费将从1.0%提高到1.6%。 阅读全文 http://goo.gl/fb/8mUL1,"Dec 9, 2013",2013-12-09T03:56:18.000Z
FTChinese,@FTChinese,,1,5,1,,https://x.com/FTChinese/status/1572421415827288067,https://x.com/FTChinese,【越南可再生能源发展战略与中企的机会】杨超：越南通过实行灵活的上网电价和投资保护政策来鼓励开发和使用可再生能源。中国企业积极参与越南可再生能源项目建设。http://ftchinese.com/story/001097343?full=y&ccode=2G222004…,"Sep 21, 2022",2022-09-21T03:04:14.000Z
BIPV中国,@bipvcn,,,,,,https://x.com/bipvcn/status/395762281243758592,https://x.com/bipvcn,法国宣布将审查光伏上网电价补贴: 日前，法国宣布，其将审查太阳能和其他可再生能源技术获得的补贴，以响应成本下滑及日益增长的电网担忧。 在对法国电力联盟的一次讲话中，生态、可持续发展及能源… http://goo.gl/fb/c5Ek2,"Oct 31, 2013",2013-10-31T04:00:55.000Z
BIPV中国,@bipvcn,,,,,,https://x.com/bipvcn/status/390773985954496512,https://x.com/bipvcn,加纳政府为太阳能与可再生能源引入FIT补贴制度: 纳米比亚可再生能源工业协会(REIAoN)称，加纳政府为当地的可再生能源和光伏项目引入了上网电价政策(FIT)。该计划于2011年8月经… http://goo.gl/fb/U22pm,"Oct 17, 2013",2013-10-17T09:39:13.000Z
BIPV中国,@bipvcn,,,,,,https://x.com/bipvcn/status/398375486218600449,https://x.com/bipvcn,山东省光伏电站上网电价为每千瓦时1.2元: 据悉，中国山东省物价局日前已经下发《关于运用价格政策促进可再生能源和节能环保发电项目健康发展的通知》。通知要求继续扶持太阳能光伏、风力发电项目… http://goo.gl/fb/fzHwi,"Nov 7, 2013",2013-11-07T09:04:52.000Z
百度新闻,@baiduxinwen,,,,,,https://x.com/baiduxinwen/status/339346492697485312,https://x.com/baiduxinwen,与发展清洁能源相悖 专家否认年内调整火电价格: 　　据中国之声《全国新闻联播》报道，花银旗行等一些国际投资机构近日发布分析报告称，中国将在第三季度调低燃煤火电厂上网电价。对此，中国能源业界表示不大可能。 http://bit.ly/11ulOXr,"May 28, 2013",2013-05-28T11:44:43.000Z
一程山水,@liangch09515771,"https://pbs.twimg.com/media/Fd6hjf8XoAAZxBY?format=jpg&name=small, https://pbs.twimg.com/media/Fd6hjf8XoAAZxBY?format=jpg&name=small",,,1,,https://x.com/liangch09515771/status/1575874569709424641,https://x.com/liangch09515771,持续的绿色投资驱动下，过去十年，中国在可再生能源、电动车等领域的技术创新脚步不断迈向新高度。通过国际合作，中国还将所积累的技术和经验分享给不同国家，惠及更广大地区民众，在全球绿色发展中发挥重要作用。,"Oct 1, 2022",2022-09-30T15:45:50.000Z
平底鞋（互fo）,@pingdixie3,"https://pbs.twimg.com/media/GQcbdliaIAANIj8?format=png&name=900x900, https://pbs.twimg.com/media/GQcbdliaIAANIj8?format=png&name=900x900",,,,95,https://x.com/pingdixie3/status/1803440398905577682,https://x.com/pingdixie3,“美国最大的可再生能源运营商警告总统拜登，不要对中国清洁能源技术加征更多关税，称这可能会减缓绿色转型。”据英国《金融时报》15日报道，美国新纪元能源公司首席执行官丽贝卡·库亚娃向该报表示，关税提高了消费者的成本，实现国家清洁能源目标变得“更加困难”，增加了不确定性。,Jun 20,2024-06-19T14:51:12.000Z
KAIJU | ERC20,@kaijuerc20,"https://pbs.twimg.com/media/E6kLpCvXMAAUbgA?format=jpg&name=small, https://pbs.twimg.com/media/E6kLpCvXMAAUbgA?format=jpg&name=small",5,8,1,,https://x.com/kaijuerc20/status/1416676363105447939,https://x.com/kaijuerc20,"德州为什么成为挖矿首府。
中国电力并不便宜，便宜的是场地建设/运维还有矿机优势。
美国电力成本远低于中国，并且电力买卖高度市场化。

因此德州优势：
1. 老天赏饭吃：德州的电是全美国最便宜的州之一，风能+太阳能占比 30%，风能是所有可再生能源里最便宜的。作为石油大省，天然气占发电40%-50%。","Jul 18, 2021",2021-07-18T08:29:00.000Z
美国之音争鸣论坛,@voachina,,,,,,https://x.com/voachina/status/1680086704,https://x.com/voachina,中国以可再生能源应对空气污染: 面临对付空气污染和进口能源的高昂成本，中国正在设法以可再生能源为目标，积极解决这个问题。中国政府说，它在2020年之前将会拥有1千亿瓦特的风力发电能力，这将足以供应6千万户居民的用电量。那个数.. http://tinyurl.com/dbp33x,"May 3, 2009",2009-05-02T17:52:19.000Z
VOA Nike Ching,@rongxiang,,,,,,https://x.com/rongxiang/status/1384345130652549120,https://x.com/rongxiang,美国国务卿布林肯周一警告说，美国在发展可再生能源创新方面落后于中国。“现在，我们落后了。中国是太阳能电池板、风力涡轮机、电池和电动汽车的最大生产国和出口国。它拥有世界上近三分之一的可再生能源专利，” 另外，让习近平在峰会上发表主旨演讲的筹备工作正在进行。,"Apr 20, 2021",2021-04-20T03:16:13.000Z
汕頭融媒(100%Fo),@8r1tr3tQukv88nN,"https://pbs.twimg.com/media/FqB2pi0agAAL2LA?format=jpg&name=small, https://pbs.twimg.com/media/FqB2pi0agAAL2LA?format=jpg&name=small",2,9,,1K,https://x.com/8r1tr3tQukv88nN/status/1630433537823477763,https://x.com/8r1tr3tQukv88nN,"由中国绿发集团联合南瑞集团共同打造的
汕头鲁能绿色能源产业基地
在汕头市濠江区海上风电创新产业园正式启用。","Feb 28, 2023",2023-02-28T05:03:42.000Z
365蓄电池网,@xdc365,,,,,,https://x.com/xdc365/status/25385202771566592,https://x.com/xdc365,超威电源处理铅污染技术科技创新之路越走越宽: 浙江超威２００５年被美国福布斯评为“中国潜力１００企业”。这些年来，“超威电源”在周明明董事长带领下不断创新，勇于抢占当今绿色能源产业产品的前沿阵地，科技创新之路越走越宽。 http://bit.ly/fC0PUD,"Jan 13, 2011",2011-01-13T02:54:38.000Z
文軒新聞,@WenxuanNews,,,,,33,https://x.com/WenxuanNews/status/1704321761675038982,https://x.com/WenxuanNews,2023中国-东盟清洁能源合作周9月19日在海南省海口市开幕。中国国家能源局局长章建华在开幕式上表示，中国-东盟双方在能源可及、清洁能源技术创新应用、能源绿色融资等领域合作亮点纷呈。未来，中方愿与东盟国家继续加强电力互联互通、可再生能源、清洁能源能力建设等方面的务实合作。东盟秘书长高金洪,"Sep 20, 2023",2023-09-20T02:29:07.000Z
Tina,@XjQ36,"https://pbs.twimg.com/media/FB8odBHUUAMHi3R?format=jpg&name=small, https://pbs.twimg.com/media/FB8odBHUUAMHi3R?format=jpg&name=small",15,8,,,https://x.com/XjQ36/status/1449922091046694914,https://x.com/XjQ36,"人类会走向最美好的时代
除了疫苗死亡
灾难的灾难的灾难
比开战大得多
未来三到五年
疫苗后果太严重
经过疫苗灾难.滅共
世界两大力量诞生
中国人会成为创新力最强的国家
随着电瓶车.核电开发
未来绿色能源.安全能源.便携核电装置
会彻底消灭煤炭石油的电
绿色能源来自光
有光的地方就有电","Oct 18, 2021",2021-10-18T02:15:39.000Z
Bad.news,@lvv2com,,,,,,https://x.com/lvv2com/status/1114802048481017856,https://x.com/lvv2com,【中国沙漠里的黑科技：万镜追日场面壮观】不再遥远的未来，可再生能源必将取代化石能源，令能源业面临又一次历史性转型。清洁能源技术和储能技术正逐渐成熟，低廉的边际成本，也许会让新能源在不远的未来，展示出更多的力量。 https://Lvv2.com/t/1468573/,"Apr 7, 2019",2019-04-07T08:08:15.000Z
Michael,@asynchronize,,,,1,,https://x.com/asynchronize/status/1564450972641808384,https://x.com/asynchronize,1) 【财政部：支持大力发展可再生能源 支持做好能源保供稳价工作】财联社8月30日电，财政部发布上半年中国财政政策执行情况报告。报告指出，下半年，将加强重大战略任务财力保障。坚持问题导向，持续推动突破重点领域“卡脖子”关键核心技术，支持企业加强技术研发攻关，不断提升科技创新能力。,"Aug 30, 2022",2022-08-30T03:12:32.000Z
Fuzhaou(澳喜特戰旅）,@Fuzhou99,https://pbs.twimg.com/media/GRpaxkNaUAE1Bs0?format=jpg&name=small,14,7,,169,https://x.com/Fuzhou99/status/1808858025329111516,https://x.com/Fuzhou99,"灭共后，两条腿的世界将是真正人类未来

中国在没有了共产党之后，只要不是军阀抗争，中国在生产力、创新能力上，此起彼伏不亚于美国。甚至在这三个领域（绿色能源、生物科技、联网和太空时代）有些方面，美国离不了中国，中国离不了美国。是相互并存的，而且中国人会在有法治的文明社会，跟西方千年…",Jul 4,2024-07-04T13:38:54.000Z
評論家,@MingJingPingLun,,,,,,https://x.com/MingJingPingLun/status/674947500147474432,https://x.com/MingJingPingLun,傅申奇：习大帝与气候: 热衷于出风头的习大帝又跑到巴黎气候大会上大言不惭的说：中国“目前已成为世界节能和利用新能源、可再生能源第一大国。中国将落实创新、协调、绿色、开放、共享的发展理念，形成人与自然和谐发展现代化建设新格局… http://bit.ly/1XYTWs3,"Dec 11, 2015",2015-12-10T13:43:18.000Z
陈丢雷,@senmisaki2,,,,,,https://x.com/senmisaki2/status/1282579709008605185,https://x.com/senmisaki2,WSJ：当下中国风电投资步伐大大领先电网投资，而煤炭价格较低又加速了煤电发展，中短期内中国电力产能过剩问题很可能持续，从而拖累中国涡轮发电机和太阳能板制造商的长期回报。虽然国际涡轮机制造商和绿色电力开发商正受益于成本下降和欧美电力市场运行良好，但中国可再生能源行业暂时无利可图。,"Jul 13, 2020",2020-07-13T07:36:46.000Z
Fuzhaou(澳喜特戰旅）,@Fuzhou99,https://pbs.twimg.com/media/GRpaxkNaUAE1Bs0?format=jpg&name=small,14,7,,169,https://x.com/Fuzhou99/status/1808858025329111516,https://x.com/Fuzhou99,"灭共后，两条腿的世界将是真正人类未来

中国在没有了共产党之后，只要不是军阀抗争，中国在生产力、创新能力上，此起彼伏不亚于美国。甚至在这三个领域（绿色能源、生物科技、联网和太空时代）有些方面，美国离不了中国，中国离不了美国。是相互并存的，而且中国人会在有法治的文明社会，跟西方千年…",Jul 4,2024-07-04T13:38:54.000Z
桃花岛主(Lucky),@Mydoglucky2,"https://pbs.twimg.com/amplify_video_thumb/1725312198132760576/img/tVekrQN0BPAchVJ9.jpg, https://pbs.twimg.com/amplify_video_thumb/1725312198132760576/img/tVekrQN0BPAchVJ9.jpg, https://pbs.twimg.com/amplify_video_thumb/1725312198132760576/img/tVekrQN0BPAchVJ9.jpg",88,224,16,26K,https://x.com/Mydoglucky2/status/1725312698270056524,https://x.com/Mydoglucky2,77岁的川普总统在竞选集会上动情的演讲，痛数美国种种败象：由于拜登的腐败无能，对内经济正崩溃成墟，银行倒闭，利率飙升。因为推行激进左翼绿色新政，禁止开采而丧失能源独立，不得不向其他国家乞求石油。明知电动汽车无法走远，成本太高，且要依赖中国生产，还是要推动全面电动化，甚至包括军用坦克,"Nov 17, 2023",2023-11-17T00:39:36.000Z
wendy,@Wendyy2009Wendy,"https://pbs.twimg.com/media/FCOLmwnVUAA81e2?format=jpg&name=small, https://pbs.twimg.com/media/FCOLmwnVUAA81e2?format=jpg&name=small",72,66,,,https://x.com/Wendyy2009Wendy/status/1451160158411706370,https://x.com/Wendyy2009Wendy,2021-10-17文贵先生大直播：人类会走向最美好的时代，除了疫苗死亡，灾难的灾难比开战大得多，未来三到五年，疫苗后果太严重，通过疫苗灾难消灭共产党，世界两大力量诞生，中国会成为创新力最强的国家，很快美国会有巨大进步，绿色能源，生物科技，干细胞，互联网、太空时代，美国又领先了。。。,"Oct 21, 2021",2021-10-21T12:15:17.000Z
杨洋,@xVvsX39U5PC11fT,"https://pbs.twimg.com/media/FDtt4kIVUAI0Icr?format=png&name=360x360, https://pbs.twimg.com/media/FDtt4kIVUAI0Icr?format=png&name=360x360",2,,1,,https://x.com/xVvsX39U5PC11fT/status/1457879783426039811,https://x.com/xVvsX39U5PC11fT,中国高速发展时，美国要求中国节能减排，可是美国上届政府为了自身利益，退出《巴黎协定》，这种自私自利的行径不符合负责任的大国，反观我国，积极节能减排， 还世界一片青山绿水。,"Nov 9, 2021",2021-11-09T01:16:41.000Z
平底鞋（互fo）,@pingdixie3,"https://pbs.twimg.com/media/GEwjBclaEAAViQF?format=jpg&name=small, https://pbs.twimg.com/media/GEwjBclaEAAViQF?format=jpg&name=small",,,,49,https://x.com/pingdixie3/status/1750812873767759970,https://x.com/pingdixie3,国际能源署指出，未来中国仍将持续引领全球可再生能源发展，到2028年，中国可再生能源新增装机容量将占全球总量的60%，中国对全球实现可再生能源装机目标将起到关键作用。,Jan 26,2024-01-26T09:28:12.000Z
爱华熊猫,@PandaAihua,"https://pbs.twimg.com/media/Eg9XJWbWsAABL3j?format=jpg&name=small, https://pbs.twimg.com/media/Eg9XJWbWsAABL3j?format=jpg&name=small",12,57,25,,https://x.com/PandaAihua/status/1301354644355067906,https://x.com/PandaAihua,"蓬佩奥脸皮何以如此之厚
？蓬佩奥日前在社交媒体上诬称中国经济发展建立在漠视环境保护之上。对此，中国外交部发言人以“蓬佩奥先生应好好照照镜子”作为回应。确实，美国政客任性退出《巴黎协定》，严重阻碍全球减排，在国际社会早就信誉扫地，试问蓬佩奥哪来的厚脸皮还敢对别国的环保问题说三道四？","Sep 3, 2020",2020-09-03T03:01:39.000Z
txs（互fo）,@txs28175513,"https://pbs.twimg.com/media/Ffj3zO4X0AAWQgb?format=jpg&name=small, https://pbs.twimg.com/media/Ffj3zO4X0AAWQgb?format=jpg&name=small",1,,,,https://x.com/txs28175513/status/1583287921633030144,https://x.com/txs28175513,"中国新征程 世界新机遇丨国际人士：中国发展目标明确 信念坚定

温哥华电动汽车协会理事 蒙哥马利·吉斯伯恩：报告提到的两个领域我最感兴趣，一个是关于脱贫，中国在摆脱贫困方面做得很好，这一伟大的成就真的值得赞扬。另一个领域是关于可再生能源和可持续发展的政策，我认为中国做得非常棒。#二十大","Oct 21, 2022",2022-10-21T02:43:51.000Z
希望之聲國際廣播電台,@SoundofHopeSOH,"https://pbs.twimg.com/media/EH1Uk9VX4AEUXvW?format=jpg&name=small, https://pbs.twimg.com/media/EH1Uk9VX4AEUXvW?format=jpg&name=small",1,1,,,https://x.com/SoundofHopeSOH/status/1188198872180514816,https://x.com/SoundofHopeSOH,【能源部：美国减排成果卓著 但被中国一个月污染全抵消】美国能源部副部长布鲁耶特（Dan Brouillette）近日表示，美国虽然退出《巴黎气候协定》，但却在坚持减少碳排放量，没有一个国家比得上，可是中国一个月制造的污染就抵消了美国减污的成果。 http://soundofhope.org/gb/2019/10/25/n3286806.html…,"Oct 27, 2019",2019-10-26T21:01:01.000Z
东方网OrientalDaily,@ODNMalaysia,,,4,1,,https://x.com/ODNMalaysia/status/1455749739849285636,https://x.com/ODNMalaysia,中国常驻联合国代表张军周三推文称，中方一直用行动支持应对气候变化努力，而不是空洞的囗号。中国从未退出过《巴黎气候协定》。 “反观美国，气候政策不断反复和倒退。美国政府必须切实履行责仼，拿出具体的减排政策措施，而不是试图转移视线、诿过于人。”https://orientaldaily.com.my/news/international/2021/11/03/447790…,"Nov 3, 2021",2021-11-03T04:12:39.000Z
New China 中文,@XinhuaChinese,"https://pbs.twimg.com/media/FBeqkXYVgAEffTa?format=png&name=small, https://pbs.twimg.com/media/FBeqkXYVgAEffTa?format=png&name=small",12,37,2,,https://x.com/XinhuaChinese/status/1447813350319005697,https://x.com/XinhuaChinese,习近平指出，为推动实现碳达峰、碳中和目标，中国将陆续发布重点领域和行业碳达峰实施方案和一系列支撑保障措施，构建起碳达峰、碳中和“1+N”政策体系。中国将持续推进产业结构和能源结构调整，大力发展可再生能源，在沙漠、戈壁、荒漠地区加快规划建设大型风电光伏基地项目。,"Oct 12, 2021",2021-10-12T06:36:16.000Z
大包王朝Xi Dynasty,@XiJPDynasty,,,2,,,https://x.com/XiJPDynasty/status/1366910111298412546,https://x.com/XiJPDynasty,"气候变化就是幌子

根据巴黎协定中国十年内不用减排，十年后中国会说和中英香港协议一样那是历史决议，无效。
最大排放国不减排，那么减排不就是骗局？
减排一开始就和中国无关
就是以减排的名义把州的权力拿到联邦，建立中央集权的国家。美国加拿大都是这样","Mar 3, 2021",2021-03-03T00:35:41.000Z
Nikkei日经中文,@NikkeiCN,,,,,,https://x.com/NikkeiCN/status/1325645390314680321,https://x.com/NikkeiCN,"重返巴黎协定是拜登国际合作路线象征: 如果拜登成为总统，美国的能源和环保政策将发生改变。除了为减排温室气体已采取行动的欧洲和中国之外，日本也宣布争取在2050年前之前将净排放量降为零……
https://ift.tt/38qKckW","Nov 9, 2020",2020-11-09T03:44:25.000Z
美国之音中文网,@VOAChinese,https://pbs.twimg.com/media/FYjpoebWAAADNC1.jpg,16,58,93,,https://x.com/VOAChinese/status/1551747074911338496,https://x.com/VOAChinese,中国占据约1/3的全球碳排放，其减排力度无助于实现巴黎气候协定达成的控制气温上升在2摄氏度、最好1.5摄氏度以内的目标，2021年成为化石燃料排放创纪录的一年。中国经济的特殊性在于即使增速放缓也未必降低碳排放，政府以扩大基建为主的刺激措施只会增加高能耗产业的需求。,"Jul 26, 2022",2022-07-26T01:51:47.000Z
日經中文網,@rijingzhongwen,"https://pbs.twimg.com/media/EmW0-BHU0AIkNsq?format=jpg&name=small, https://pbs.twimg.com/media/EmW0-BHU0AIkNsq?format=jpg&name=small",4,10,3,,https://x.com/rijingzhongwen/status/1325664654417256448,https://x.com/rijingzhongwen,【重返巴黎协定是拜登国际合作路线象征】如果拜登成为总统，美国的能源和环保政策将发生改变。除了为减排温室气体已采取行动的欧洲和中国之外，日本也宣布争取在2050年前之前将净排放量降为零……https://cn.nikkei.com/politicsaeconomy/politicsasociety/42662-2020-11-09-02-54-20.html…,"Nov 9, 2020",2020-11-09T05:00:57.000Z
自由亚洲电台,@RFA_Chinese,,7,23,9,,https://x.com/RFA_Chinese/status/1338585908967337991,https://x.com/RFA_Chinese,"北京到目前为止还没有向巴黎协定递交减排指标修正案，国际独立研究联盟（The Climate Action Tracker ）因此将中国在气候领域的行动定性为 ""严重不足 ""。","Dec 15, 2020",2020-12-14T20:45:25.000Z
良知自知,@wwXAnA6w,https://pbs.twimg.com/ext_tw_video_thumb/1775692923344154624/pu/img/UHR9ZJyDuMqm4QCi.jpg,3,3,,1.6K,https://x.com/wwXAnA6w/status/1775693880635400516,https://x.com/wwXAnA6w,美国财长耶伦访问中国，此行旨在进一步稳定美中这两个世界最大经济体之间的金融和经济关系。与中国官员进行高层“对牛弹琴”式的会谈！预计她还将就清洁能源补贴和工业产能过剩问题向中国施压。她最近指出，这些问题“损害了美国企业和工人，也损害了世界各地的企业和工人”。,Apr 4,2024-04-04T01:16:26.000Z
Michael,@asynchronize,,,,1,,https://x.com/asynchronize/status/1524398006032039937,https://x.com/asynchronize,发电央企又获500亿可再生能源补贴，新能源运营商资金状况将迎来改善，这家公司背靠中国最大清洁能源集团，细分绿色电力装机量全国占比超17%。,"May 12, 2022",2022-05-11T14:36:21.000Z
巴赫塔儿通讯社,@bnachinese,"https://pbs.twimg.com/media/GEiFIeFaYAA6d-H?format=jpg&name=small, https://pbs.twimg.com/media/GEiFIeFaYAA6d-H?format=jpg&name=small",,,,100,https://x.com/bnachinese/status/1749794981433499794,https://x.com/bnachinese,"据国际能源署报告，中国已经居于可再生能源应用领域领头羊地位。
国际能源署在报告中说：“2028年，全球可再生能源发电量的近60%将来自中国。虽然中国政府2020-2021年中止了新能源领域一系列补贴，但风电厂和太阳能电厂的建设势头依旧强劲”。",Jan 24,2024-01-23T14:03:27.000Z
AliceWang,@AliceWangFang,,,,1,66,https://x.com/AliceWangFang/status/1626421111054565379,https://x.com/AliceWangFang,"美国和欧盟讨论建立电动车电池矿产买家俱乐部
华尔街日报。美国和欧洲官员正在讨论如何建立一个新的盟国集团，在采购清洁能源技术中使用的矿物方面进行合作，以期减少对中国的依赖，同时修补美国的电动汽车提供补贴政策引发的裂痕。知情人士透露，根据组建这个关键矿产买家俱乐部的计划，美国将与包括","Feb 17, 2023",2023-02-17T03:19:44.000Z
美国之音中文网,@VOAChinese,"https://pbs.twimg.com/media/FmshiYoXEA8_jfe.jpg, https://pbs.twimg.com/media/FmshiYoXEA8_jfe.jpg, https://pbs.twimg.com/media/FmshiYoXEA8_jfe.jpg",15,86,51,89K,https://x.com/VOAChinese/status/1615383909839036416,https://x.com/VOAChinese,欧盟委员会主席乌尔苏拉·冯德莱恩1月17日说，欧盟与中国在新能源领域的竞争必须建立在公平的基础上。这位欧盟领导人指责中国在清洁能源技术转型过程中为本国企业提供过多补贴，并限制欧洲企业进入中国市场。冯德莱恩是在瑞士达沃斯出席世界经济论坛年会时这样说的。,"Jan 18, 2023",2023-01-17T16:21:51.000Z
明堂,@Picuike,,,,,28,https://x.com/Picuike/status/1792830034962763886,https://x.com/Picuike,“三条腿的板凳”。第一条腿是提供补贴，以建立一个从清洁能源到半导体的能够存续的科技制造部门。第二条腿是对威胁这一目标的中国进口商品加征关税。第三条腿是限制中国获得可能有助于提升竞争力的资金、技术和知识。还有第四条腿，那就是与盟友建立统一的经济战线，但这一步骤仍未实现。,May 21,2024-05-21T08:09:24.000Z
Guo-Fong Weng܁,@riceom,,,,,120,https://x.com/riceom/status/1776224404122571139,https://x.com/riceom,"美国财长耶伦周四(4月4日)抵达广州。她此行给中国官员带来一个强硬信息:中国产能过剩,特别是清洁能源,世界无法吸收这么多产品.
中国正将大量电动汽车、电池、光伏电池板等加工产品释放至全球市场。这是多年大规模政府补贴、国内需求疲弱结果。此举压低全球市场上许多产品价格,对其它国家产商造成压力.",Apr 5,2024-04-05T12:24:33.000Z
醉美德州（fo）,@lili88362785689,"https://pbs.twimg.com/media/GKMlaFlaMAA1ZWM?format=jpg&name=small, https://pbs.twimg.com/media/GKMlaFlaMAA1ZWM?format=jpg&name=small",,,,72,https://x.com/lili88362785689/status/1775303821117595745,https://x.com/lili88362785689,"美媒称，美国财长耶伦将于4日访华。
耶伦此前宣称，她打算就中国对清洁能源产业的补贴政策导致产品价格太低表达不满，施压中方做出改变。",Apr 3,2024-04-02T23:26:29.000Z
穆迪 Moody's Chinese,@MoodysChinese,"https://pbs.twimg.com/media/EKc-VbMUUAEgX8B?format=jpg&name=small, https://pbs.twimg.com/media/EKc-VbMUUAEgX8B?format=jpg&name=small",2,4,1,,https://x.com/MoodysChinese/status/1199996370611924992,https://x.com/MoodysChinese,中国风能和太阳能发电增速仍将维持全球领先地位，支持因素是推动可再生能源领域增长及逐渐取消补贴的利好政策。我们预计未来3 年中国政府将不再向新的可再生能源项目提供补贴，这受到平价上网政策、持续的技术革新和不断改善的成本结构的支持。这一进展将令该行业的增长出现短期分化。,"Nov 28, 2019",2019-11-28T10:20:04.000Z
加拿大国际广播,@RCIZhongwen,,2,2,2,4K,https://x.com/RCIZhongwen/status/1790398185262751812,https://x.com/RCIZhongwen,"美国对中国电动汽车大幅提高关税 https://ici.radio-canada.ca/rci/zh-hans/%E6%96%B0%E9%97%BB/2072589/%E7%BE%8E%E5%9B%BD-%E4%B8%AD%E5%9B%BD-%E7%94%B5%E5%8A%A8%E6%B1%BD%E8%BD%A6-%E6%8F%90%E9%AB%98-%E5%85%B3%E7%A8%8E… 
拜登政府认为中国补贴制造业，以控制全球电动汽车和清洁能源行业。
美国还计划对先进电池、太阳能电池、钢铁、铝和医疗设备征收新的关税。",May 15,2024-05-14T15:06:06.000Z
中国上海情報(@shanghai_info),@shanghai_info,,1,1,,,https://x.com/shanghai_info/status/237511057365692416,https://x.com/shanghai_info,商务部裁定美国可再生能源扶持政策违反WTO规定: 新华网北京8月20日电（记者雷敏）商务部20日发布2012年第52号公告，终裁认定美国可再生能源6项扶持政策及补贴措施违反WTO相关规定，构成对中国可再生能源产品对美出口的贸易壁垒… http://goo.gl/fb/Ga99i,"Aug 20, 2012",2012-08-20T11:27:03.000Z
Murphy-T,@nmdk,,,,,,https://x.com/nmdk/status/27693142526,https://x.com/nmdk,"中国反驳美国启动对华清洁能源调查 - BBC | 港台消息 - 中国称对新能源企业补贴微乎其微
 
针对美国对中国清洁能源有关政策和措施启动调查，中国回应称，真正受损的是美国。

中国国家能源局局长张国宝周日（10月17日）表示，… http://bit.ly/aMrlBj","Oct 18, 2010",2010-10-18T01:42:33.000Z
iyouport,@iyouport_news,"https://pbs.twimg.com/media/C185OjXUAAE-91K?format=jpg&name=360x360, https://pbs.twimg.com/media/C185OjXUAAE-91K?format=jpg&name=360x360",2,2,2,,https://x.com/iyouport_news/status/819436591399604225,https://x.com/iyouport_news,［中国的“反特斯拉”：廉价车型推动电动车热潮］中国品牌的电动汽车（EV）市场由政府补贴支持，该政策是作为北京在清洁能源驱动领域建立全球领导力一部分。#cleanerenergy https://facebook.com/iyouport/posts/1391992630831877…,"Jan 12, 2017",2017-01-12T06:51:22.000Z
Arthur,@hsienweichiang,,,,,,https://x.com/hsienweichiang/status/400424207470710784,https://x.com/hsienweichiang,海外观点--三中全会后，《金融时报》盘点未来投资机会：医保—人口老龄化和医保制度改革的商机；可再生能源—中国饱受污染之苦，将增加可替代能源的利用；消费类股票—城市化进程将持续；券商—券商限制放宽；能源产商—节能需求将减少能源补贴；铁路—政府将增加向内地的投资，铁路迎来发展机会。,"Nov 13, 2013",2013-11-13T00:45:45.000Z
高口康太＠『現代中国経営者列伝』,@chinanews21,,,,,,https://x.com/chinanews21/status/287829601135259648,https://x.com/chinanews21,可再生能源电价补贴的资金缺口2011年为100亿元，2012年很可能翻倍。中国可能将在2015年面对40GW的光伏发电，补贴何来 ｜8厘钱的困境 http://ow.ly/gzGmd,"Jan 6, 2013",2013-01-06T07:54:59.000Z
美国之音争鸣论坛,@voachina,,,,,,https://x.com/voachina/status/237673053629337600,https://x.com/voachina,美中对可再生能源补贴引贸易争议: 美国贸易代表署说，它正在研究中国政府指称美国政府补贴6个可再生能源项目，违反世界贸易组织有关规定的说法。中国商务部说，美国的补贴对中国相关产品出口造成贸易壁垒，要求美国取消这些补贴措施。 http://bit.ly/POLsjE,"Aug 21, 2012",2012-08-20T22:10:46.000Z
Arthur,@hsienweichiang,,,,,,https://x.com/hsienweichiang/status/400424207470710784,https://x.com/hsienweichiang,海外观点--三中全会后，《金融时报》盘点未来投资机会：医保—人口老龄化和医保制度改革的商机；可再生能源—中国饱受污染之苦，将增加可替代能源的利用；消费类股票—城市化进程将持续；券商—券商限制放宽；能源产商—节能需求将减少能源补贴；铁路—政府将增加向内地的投资，铁路迎来发展机会。,"Nov 13, 2013",2013-11-13T00:45:45.000Z
高口康太＠『現代中国経営者列伝』,@chinanews21,,,,,,https://x.com/chinanews21/status/287829601135259648,https://x.com/chinanews21,可再生能源电价补贴的资金缺口2011年为100亿元，2012年很可能翻倍。中国可能将在2015年面对40GW的光伏发电，补贴何来 ｜8厘钱的困境 http://ow.ly/gzGmd,"Jan 6, 2013",2013-01-06T07:54:59.000Z
美国之音争鸣论坛,@voachina,,,,,,https://x.com/voachina/status/237673053629337600,https://x.com/voachina,美中对可再生能源补贴引贸易争议: 美国贸易代表署说，它正在研究中国政府指称美国政府补贴6个可再生能源项目，违反世界贸易组织有关规定的说法。中国商务部说，美国的补贴对中国相关产品出口造成贸易壁垒，要求美国取消这些补贴措施。 http://bit.ly/POLsjE,"Aug 21, 2012",2012-08-20T22:10:46.000Z
Yolanda Ma,@MaJinxin,,,,,,https://x.com/MaJinxin/status/7113540069,https://x.com/MaJinxin,中国将向可再生能源企业发放29.9亿元补贴【WSJ】  http://bit.ly/7PRwTF,"Dec 28, 2009",2009-12-28T05:23:57.000Z
中国上海情報(@shanghai_info),@shanghai_info,,,,,,https://x.com/shanghai_info/status/160776902569771008,https://x.com/shanghai_info,商务部：严重关切美对中国风塔产品双反调查: 中广网北京1月21日消息（记者陈亮）美国时间1月18日，美国商务部宣布对中国输美应用级风塔发起反倾销和反补贴调查，这是美方针对中国清洁能源产品发起的第二起“双反”调查。商务部进出口公平贸易… http://goo.gl/fb/1vXAy,"Jan 22, 2012",2012-01-21T17:32:55.000Z
中国上海情報(@shanghai_info),@shanghai_info,,,,,,https://x.com/shanghai_info/status/294349681553727488,https://x.com/shanghai_info,国家税务总局：中央财政补贴不征收增值税: 新华社北京1月24日电（记者何雨欣、侯雪静）国家税务总局24日对外发布公告称，纳税人取得的中央财政补贴，不属于增值税应税收入，不征收增值税。 近年来，为促进可再生能源的开发利用，支持新能源及… http://goo.gl/fb/QLTBo,"Jan 24, 2013",2013-01-24T07:43:27.000Z
中国上海情報(@shanghai_info),@shanghai_info,,,,,,https://x.com/shanghai_info/status/134764924353261569,https://x.com/shanghai_info,商务部称严重关切美对我太阳能电池板双反调查: 本报讯（记者钟晶晶沈玮青）当地时间周三，美国商务部正式对中国输美太阳能电池（板）发起反倾销和反补贴调查，这是美方首次针对中国清洁能源产品发起“双反”调查。昨日，商务部新闻发言人沈丹阳表示… http://goo.gl/fb/6Q64Z,"Nov 11, 2011",2011-11-10T22:50:36.000Z
SL SOft,@sl_soft,,,,,,https://x.com/sl_soft/status/141001367266402304,https://x.com/sl_soft,Solidot 新闻: 中国调查美国的可更新能源政策: 11月25日，商务部宣布对美国可再生能源扶持政策及补贴措施启动贸易壁垒调查。本次调查应中国机电产品进出口商会和中华全国工商业联合会新能源商会的申请立案。以上申请人提出，美国政府... http://bit.ly/t6Fz6U,"Nov 28, 2011",2011-11-28T03:52:00.000Z
Don Evans,@DonEvansWm,,2,1,,,https://x.com/DonEvansWm/status/781402845295718400,https://x.com/DonEvansWm,这背后，是中国日渐扩大的可再生能源补贴资金缺口——截至今年上半年，可再生能源补贴缺口已经达到550亿元左右，到年底预计将突破600亿元 #ChinesePVindustry  https://x.com/iyouport_news/status/781394008862064640…,"Sep 29, 2016",2016-09-29T07:58:50.000Z
LucasWyrschChinese,@LWyrschChinese,,,,,,https://x.com/LWyrschChinese/status/140009665349173248,https://x.com/LWyrschChinese,中国对美可再生能源补贴措施进行贸易壁垒调查 http://dlvr.it/xcsKJ,"Nov 25, 2011",2011-11-25T10:11:20.000Z
National Business Daily,@NBDPress,,,1,1,,https://x.com/NBDPress/status/443818065911119873,https://x.com/NBDPress,全国政协委员盛明富：可再生能源发电项目补贴存在滞后 http://ift.tt/1gld1gq 每经记者李彪 发自北京 利好政策的加快出台，已经先一步为可再生能源行业发展造了势。 日前，全国政协委员、中国农林水利工会主席盛明富告诉 《每日经济新闻》记者，在国家政策的支...,"Mar 13, 2014",2014-03-12T18:37:27.000Z
大纪元新闻网,@dajiyuan,,8,24,,,https://x.com/dajiyuan/status/1283712987887525888,https://x.com/dajiyuan,"当局补贴未兑现 大陆清洁能源业负债420亿美元

近年来，因中共当局承诺 #补贴，中国风电和光伏发电网络发展迅速，但是中共当局的补贴却迟迟没有兑现，造成项目开发商背负420亿美元的债务。分析师说，照此下去，债务可能要到2041年才能还完。 #新能源","Jul 16, 2020",2020-07-16T10:40:01.000Z
世界和中国新闻,@ChinaOneNews,,,,,,https://x.com/ChinaOneNews/status/1144432896503099395,https://x.com/ChinaOneNews,世贸组织裁定美国非法补贴可再生能源产业 http://chinanews.com/gj/2019/06-28/8877393.shtml… #新闻 #中国 #世界,"Jun 28, 2019",2019-06-28T02:30:39.000Z
浜滨兴,@gfwbinxing,,,,,,https://x.com/gfwbinxing/status/237687025074061312,https://x.com/gfwbinxing,[中国数字时代] 美国之音 | 美中对可再生能源补贴引贸易争议: 美国贸易代表署说，它正在研究中国政府指称美国政府补贴6个可再生能源项目，违反世界贸易组织有关规定的说法。中国商务部说，美国的补贴对中国相关产品出口造成贸易壁垒... http://bit.ly/Qjr0Sk,"Aug 21, 2012",2012-08-20T23:06:17.000Z
弘毅,@hongyiruan,,,,,,https://x.com/hongyiruan/status/237685357259403265,https://x.com/hongyiruan,[CDT国际华闻] 美国之音 | 美中对可再生能源补贴引贸易争议: 美国贸易代表署说，它正在研究中国政府指称美国政府补贴6个可再生能源项目，违反世界贸易组织有关规定的说法。中国商务部说，美国的补贴对中国相关产品出口造成贸易壁... http://bit.ly/OSwYzg,"Aug 21, 2012",2012-08-20T22:59:39.000Z
汇评报,@huipingbao,,,,,,https://x.com/huipingbao/status/139970978016014336,https://x.com/huipingbao,"〔中美贸易〕商务部对美国可再生能源产业扶持政策及补贴立案调查(更新版): 路透北京11月25日电---继美国对中国太阳能电池发起""双反""调查後,中国商务部周五予以实质回击,宣布将对美国可... http://bit.ly/rIvNLD #forex #china #外","Nov 25, 2011",2011-11-25T07:37:36.000Z
kz,@kzrss,,,,,,https://x.com/kzrss/status/3526792563,https://x.com/kzrss,可再生能源法草案修改 新能源发电将获补贴: 　　昨日，中国可再生能源法修正案草案（下称“草案”）正式提交全国人大常委会审议。草案内容显示，中国的可再生能源发电将全面获得政府财政补贴，可再生能源发电的上网电价管理也将进一步完善。 http://bit.ly/1c2k6,"Aug 25, 2009",2009-08-25T02:50:32.000Z
醉美德州（fo）,@lili88362785689,"https://pbs.twimg.com/media/GJvYIdlbcAAoqRP?format=jpg&name=small, https://pbs.twimg.com/media/GJvYIdlbcAAoqRP?format=jpg&name=small",,,,69,https://x.com/lili88362785689/status/1773248535527317782,https://x.com/lili88362785689,"美国财长耶伦将于4月访华。
耶伦宣称，她打算将就中国对清洁能源产业的补贴政策表达不满，施压中方做出改变。理由是中企在补贴政策下把相关产品的价格做得特别便宜，使得美国企业无力竞争，甚至因此破产。",Mar 28,2024-03-28T07:19:30.000Z
FTChinese,@FTChinese,,3,2,3,,https://x.com/FTChinese/status/1149226822799896576,https://x.com/FTChinese,【全球清洁能源投资降至5年来最低水平】最新研究显示，今年上半年全球清洁能源投资降至1176亿美元，同比下降14%，同期中国清洁能源投资同比下降39%。去年中国可再生能源政策的突然转变——限制太阳能与风能补贴——使这一全球最大市场的新项目急剧减少。,"Jul 11, 2019",2019-07-11T08:00:00.000Z
创世纪,@OY30yXyn3qGEcVd,https://pbs.twimg.com/media/GJvjz7bWMAAv6N-?format=jpg&name=small,,,2,132,https://x.com/OY30yXyn3qGEcVd/status/1773261363508359285,https://x.com/OY30yXyn3qGEcVd,"一个去要饭的还摆那么大的架子？中国只是把产品“平民化”！

27日，耶伦在接受美国微软全国广播公司（MSNBC）采访时宣称，她打算在即将对中国进行的访问中，就中方对包括太阳能电池板和电动汽车在内的国内清洁能源产业的补贴政策表达不满，并对此所产生的所谓负面影响向中方发出警告，施压中方做出改变",Mar 28,2024-03-28T08:10:29.000Z
新闻GPT,@newsgpt,,,,,98,https://x.com/newsgpt/status/1612728214908186624,https://x.com/newsgpt,#刚刚 中国核电：2022年1月1日至2022年12月31日，控股子公司中核汇能下属光伏、风力发电项目公司共收到可再生能源补贴资金49.39亿元，其中国家可再生能源补贴资金为49.14亿元。,"Jan 10, 2023",2023-01-10T08:29:04.000Z
迷人的小红,@miren_41319,https://pbs.twimg.com/media/GJvWKQ2aQAAYB1B?format=jpg&name=small,8,161,90,15K,https://x.com/miren_41319/status/1773253943318983142,https://x.com/miren_41319,"耶伦：去了中国，我要当面警告他们，东西太便宜，搞得美国企业破产。尤其是中方对包括太阳能电池板和电动汽车在内的国内清洁能源产业的补贴政策，让美国无所适从，我要当面施压中方做出改变。

Sino-US relations",Mar 28,2024-03-28T07:41:00.000Z
OORBAN Ltd.,@oorbanltd,,,,,,https://x.com/oorbanltd/status/1207911982927618049,https://x.com/oorbanltd,中国指责美国在世贸组织对光伏产品征收30%的关税: 8月14日——中国于8月14日正式启动世贸组织关于美国光伏保障措施和可再生能源补贴措施的争端解决程序。 商务部发言人在同一天的声明… https://goo.gl/fb/GBVaAc,"Dec 20, 2019",2019-12-20T06:33:53.000Z
ᴿᵉᵇᵉˡRFAChinese,@RFAChinese,,,1,,552,https://x.com/RFAChinese/status/1617890216823357440,https://x.com/RFAChinese,"西方重新调整了优先事项，现在专注于展示团结，反对俄罗斯侵略。

冯德莱恩在她的讲话中赞扬了这种团结，但这种热烈的气氛没有留给中国。她指责中国政府在主导未来清洁能源行业的过程中，以牺牲欧洲和美国的利益为代价，不公平地补贴中国公司。","Jan 25, 2023",2023-01-24T14:21:01.000Z
博讯新闻网,@boxun,"https://pbs.twimg.com/media/GKy4cgpbAAAq0wG?format=png&name=small, https://pbs.twimg.com/media/GKy4cgpbAAAq0wG?format=png&name=small",1,2,4,3K,https://x.com/boxun/status/1778095596584292770,https://x.com/boxun,"【欧盟对中国风力涡轮机供应商反补贴调查】欧盟竞争事务主管9日在美国一场演讲中宣布对中国风力涡轮机供应商进行调查，这也是布鲁塞尔针对北京涉嫌破坏公平竞争的绿色技术补贴采取的最新举措。欧盟正寻求大规模增加可再生能源，以实现到2050年温室气体净零排放,并摆脱对较为廉价的中国技术的过度依赖。",Apr 11,2024-04-10T16:20:00.000Z
Jeff Li,@jefflijun,"https://pbs.twimg.com/media/Fr4DjfdWwAMppW8?format=png&name=small, https://pbs.twimg.com/media/Fr4DjfdWwAMppW8?format=png&name=small",8,23,8,13K,https://x.com/jefflijun/status/1638751348521828355,https://x.com/jefflijun,"【拜登力求遏制中国，促使电动汽车投资转向加拿大】
跨国公司正在向加拿大的电动汽车制造业投入数以十亿美元计的资金，受到政府激励措施、原材料供应和廉价可再生能源的吸引。

德国汽车制造商大众集团(Volkswagen","Mar 23, 2023",2023-03-23T03:55:42.000Z
博讯新闻网,@boxun,"https://pbs.twimg.com/media/GJpVFQbasAAtZ-F?format=jpg&name=small, https://pbs.twimg.com/media/GJpVFQbasAAtZ-F?format=jpg&name=small",,,1,2.6K,https://x.com/boxun/status/1772822964863643858,https://x.com/boxun,"【美国排除对中国电动车补贴 中国向世贸申诉】美国《通胀削减法》规定,1月起消费者购买新能源车中若含中俄伊等国制造的关键零部件,将无法获得补贴。26日,中国就此向世贸提起“不公平竞争”的诉讼。美贸易顾问戴琪回应称,有关措施是美国对清洁能源未来做出的贡献,中国则持续使用不公平做法来损害公平竞争.",Mar 27,2024-03-27T03:08:26.000Z
ᴿᵉᵇᵉˡRFAChinese,@RFAChinese,,,,,259,https://x.com/RFAChinese/status/1777926985332760738,https://x.com/RFAChinese,"荣鼎咨询称，由于对绿色科技的重视，中国企业的硅晶圆和锂离子电池产量远远超过了销量，整体商业库存创下历史新高。

美国于2022年通过的《芯片与科学法案》为半导体制造业提供了390亿美元的激励措施，然而仅广州市去年就为半导体和可再生能源项目设立了290亿美元的基金。",Apr 10,2024-04-10T05:10:00.000Z
Tom,@tomjote,,,,,,https://x.com/tomjote/status/78261932100034561,https://x.com/tomjote,美国：中国同意停止补贴风能产业: 美国官员说，中国在与美国因风力发电设备引起的贸易纠纷中做出让步，停止补贴中国风力涡轮机和相关设备与部件制造商。美国贸易代表柯克星期二（6月7日）在声明中说，这个结果确保了美国清洁能源领域的创新者和… http://goo.gl/fb/BtvKL,"Jun 8, 2011",2011-06-08T00:47:53.000Z
ZhenG,@zheng80s,,,,,,https://x.com/zheng80s/status/28050264229,https://x.com/zheng80s,中美新能源贸易之争——美国国家利益超越全球气候大局: 与美国政府的新能源刺激计划相比，中国给予清洁能源的补贴几乎为零。说中国产品出口损害了美国光伏制造业的利益，不知道钢铁工人协会是怎么… http://goo.gl/fb/HFaAK,"Oct 22, 2010",2010-10-21T18:32:13.000Z
CNEN,@cnen,,,,,,https://x.com/cnen/status/27788308806,https://x.com/cnen,韩寒：中国拒绝“绿色双重标准”: 美国贸易代表办公室近日宣布，应美国钢铁工人联合会申请，启动对华清洁能源有关政策和措施的301调查。美国钢铁工人联合会在9月提交的申诉书中，指责中国政府通过关键原材料控制、大规模政府补贴、歧... http://chilp.it/59221d,"Oct 19, 2010",2010-10-19T01:06:24.000Z
旺旺,@zhonghuawang,,,,,,https://x.com/zhonghuawang/status/45339438410235904,https://x.com/zhonghuawang,在美国，谷歌和微软还大幅度利用非经济发达区域获高度补贴的清洁能源（如水电）以及自然冷却/全直流供电等技术，使得其数据中心的运营费用仅仅是中国的40%，计算资源利用率平均高达42%（约比中国高三倍）。,"Mar 9, 2011",2011-03-09T04:25:39.000Z
一大把_每日关注,@yidaba_opinion,,,,,,https://x.com/yidaba_opinion/status/79010841726431232,https://x.com/yidaba_opinion,美国301调查定案：中国取消风机补贴:     历时8个月的美国针对中国清洁能源有关扶持政策和措施的301调查，在这次气候会议上获得了“阶段性成果”。日前，美国驻世贸组织大使科克(RonKirk)表示，经过多轮磋商，中国已经... http://bit.ly/m5kvfS,"Jun 10, 2011",2011-06-10T02:23:47.000Z
ChinaGeeks中文,@ChinaGeeksCN,,,,,,https://x.com/ChinaGeeksCN/status/24269906693,https://x.com/ChinaGeeksCN,Keith Bradsher发文认为中国对清洁能源产业的补贴违反世界贸易组织规则，严重损害了其他国家的利益。同时他还指出中国政府在扶持清洁能源公司上的慷慨和高效是中国这一产业在与欧美较量中获胜的重要原因。  http://chinageeks.org/zh/?p=325,"Sep 12, 2010",2010-09-12T09:10:33.000Z
C,@Celinaccc,,1,,2,,https://x.com/Celinaccc/status/893981928189120513,https://x.com/Celinaccc,清洁新能源的低销售价无不建立在庞大政府补贴基础上的。本州政府对安装太阳能的用户补贴并电力公司高价回收太阳能用户的剩余电能，这些成本最终被未装太阳能的电网用户消化，太阳能板公司赚取利润，生产太阳能板的污染留在中国。整个链条除了太阳能公司和政客，其他都是输家。,"Aug 6, 2017",2017-08-05T23:47:55.000Z
chshzh999,@chshzh999,,,,,,https://x.com/chshzh999/status/692980581366374400,https://x.com/chshzh999,"石油,几百年人类生活最重要自然资源,如今价格下跌,将对人类未来发展产生深远影响并带来财富及产业转移,有将石油价格下跌归于中国经济减速,有可能,但或更有美国因素,美国大力发展页岩油开采取消长达四十年原油出口禁令,积极推动全球变暖学说发展清洁能源,政府补贴电动汽车发展:阴谋阳谋新谋?","Jan 29, 2016",2016-01-29T08:00:20.000Z
ChinaNews,@ChinaFreeNews,,,,,,https://x.com/ChinaFreeNews/status/135466561753464832,https://x.com/ChinaFreeNews,#ChinaNews #VOA 太阳能电池“双反”调查 美中光伏贸易战一触即发: 美国政府近日决定对中国输美太阳能电池板展开反倾销和反补贴调查，这也是美国政府首次对中国清洁能源产品启动“双反”调查。评论认为，这场涉及数十万就... http://bit.ly/uxCfiL,"Nov 13, 2011",2011-11-12T21:18:39.000Z
和讯科技博客,@hexunblogtech1,,,,,,https://x.com/hexunblogtech1/status/84051823274627073,https://x.com/hexunblogtech1,"关于美国可再生能源的税务补贴的问答: 这是与一个中国风电同行交谈的记录。主要探讨美国的税务投资人，和美国对风电税务补贴的问题。要到美国运行风电项目，这个问题一定要清楚。最好买一本《美国风电产业指南》。
问: 那个美国税务投资... http://bit.ly/kUQEqA","Jun 24, 2011",2011-06-24T00:14:50.000Z
和讯科技博客,@hexunblogtech1,,,,,,https://x.com/hexunblogtech1/status/17903458069778432,https://x.com/hexunblogtech1,"美国现金返还延期是给中国风电国际化的通行证: 美国现金返还延期是给中国风电国际化的通行证
陈航
12月初的这几天，美国总统奥巴马要面临一个棘手的签字。
美国的可再生能源现金返还补贴政策（1603条款）延期一年，已经被众议院和... http://bit.ly/fqeEft","Dec 23, 2010",2010-12-23T11:24:51.000Z
kRiZcPEc,@kRiZcPEc,,,,,,https://x.com/kRiZcPEc/status/135482109912551424,https://x.com/kRiZcPEc,VOA中&#25991: 太阳能电池“双反”调查 美中光伏贸易战一触即发: 美国政府近日决定对中国输美太阳能电池板展开反倾销和反补贴调查，这也是美国政府首次对中国清洁能源产品启动“双反”调查。评论认为，这场涉及数十万就业岗位、上千家... http://bit.ly/rP3kdL,"Nov 13, 2011",2011-11-12T22:20:26.000Z
罗杰商报,@luojieshangbao,,,,,,https://x.com/luojieshangbao/status/23126158531,https://x.com/luojieshangbao,"〔中国电力〕发放09年下半年可再生能源发电附加补贴,总额约41亿元--发改委: 路透北京9月6日电---中国发改委和电监会周一发出通知,要求各省级电网对2009年下半年国内可再生能源发电进行电价附加补贴,总额约达41亿元人民币. http://bit.ly/cUWRsF","Sep 6, 2010",2010-09-06T07:27:11.000Z
kat,@kat172,,,,,,https://x.com/kat172/status/237666585580552192,https://x.com/kat172,美中对可再生能源补贴引贸易争议: 美国贸易代表署说，它正在研究中国政府指称美国政府补贴6个可再生能源项目，违反世界贸易组织有关规定的说法。中国商务部说，美国的补贴对中国相关产品出口造成贸易壁垒，要求美国取消这些补贴措施。 http://bit.ly/POLsjE,"Aug 21, 2012",2012-08-20T21:45:04.000Z
罗杰商报,@luojieshangbao,,,,,,https://x.com/luojieshangbao/status/27473880606,https://x.com/luojieshangbao,美国对中国非法补贴产业指控展开调查: 美国针对有关中国违反国际贸易规则、为其清洁能源产业提供不公平支持的指控展开调查。 http://bit.ly/b3c3Zk,"Oct 16, 2010",2010-10-15T20:04:24.000Z
cc Lee,@ybf666,,,,,,https://x.com/ybf666/status/134448118937829377,https://x.com/ybf666,中新社华盛顿11月9日电(记者 德永健)美国商务部9日发布公告，宣布将对中国输美太阳能电池展开反倾销和反补贴“双反”调查，这是美国对中国清洁能源产品首次发起“双反”调查。,"Nov 10, 2011",2011-11-10T01:51:44.000Z
BIPV中国,@bipvcn,,,,,,https://x.com/bipvcn/status/453806877969637376,https://x.com/bipvcn,德国可再生能源法改革草案通过 控制电价涨幅: 4月8日，德国内阁通过可再生能源法改革草案。核心内容是削减对可再生能源的补贴。 德国可再生能源法（EEG）于2000年开始实施，宗旨是推动风… http://goo.gl/fb/nPRif,"Apr 9, 2014",2014-04-09T08:09:25.000Z
B2Broom,@b2broom,,,,,,https://x.com/b2broom/status/205606238522851328,https://x.com/b2broom,"商务部认定美可再生能源业贸易壁垒: 路透北京5月24日电---在美国决定对中国太阳能产品徵收不低於30%的惩罚性关税後,中国商务部周四发布公告称,美国可再生能源产业的部分扶持政策及补贴措施构成贸易壁垒.有关的故事富士康拟明年... http://bit.ly/KsuW4r","May 24, 2012",2012-05-24T10:28:41.000Z
中國新聞社,@CNS1952,"https://pbs.twimg.com/media/DkkvV5PX0AEi5v9?format=jpg&name=small, https://pbs.twimg.com/media/DkkvV5PX0AEi5v9?format=jpg&name=small",1,1,2,,https://x.com/CNS1952/status/1029415145938804736,https://x.com/CNS1952,【中国在世贸组织起诉美国光伏保障措施等】8月14日，中国就美国光伏保障措施和可再生能源补贴措施正式启动世贸组织争端解决程序。商务部新闻发言人当日称，美方措施严重损害了中方的贸易利益，中方选择诉诸世贸组织争端解决机制，是维护自身合法权益和多边贸易规则的必要措施。https://bit.ly/2MKWabi,"Aug 15, 2018",2018-08-14T17:11:11.000Z
文溢,@MeganJia8,https://pbs.twimg.com/media/GPs_6yObMAA-ApY?format=jpg&name=small,16,7,,482,https://x.com/MeganJia8/status/1800102760131756045,https://x.com/MeganJia8,美国总统拜登和法国总统马克龙一致，认为需要加强合作应对中国的经济行为。但拜登的《通胀削减法案》（IRA）对清洁能源的补贴可能造成美国与其欧洲盟国之间的裂痕。,Jun 10,2024-06-10T09:48:36.000Z
LT 視界,@ltshijie,https://pbs.twimg.com/media/DtFu6s6XcAAR5fo.jpg,1,21,2,,https://x.com/ltshijie/status/1067814733192019968,https://x.com/ltshijie,川普政府谴责通用公司在中国建电动车投入比在美国的大，这个指责不公正。全世界主要汽车制造商都加大在中国的电动汽车投资，因为中国政府有倒计时强制要求，德国政府也有类似要求。川普政府对清洁能源的蔑视，使美国置于这股世界潮流之外。通用是否将美国政府补贴电动汽车的资金用于中国是另外一回事。,"Nov 29, 2018",2018-11-28T16:17:26.000Z
雁过留声,@szygls,https://pbs.twimg.com/media/GNWNInGbEAAxY11?format=jpg&name=small,,13,2,428,https://x.com/szygls/status/1789491608603468093,https://x.com/szygls,耶伦：对清洁能源等重要战略领域，“美国会非常明确地针对这些领域进行投资补贴，但我们不希望看到中国向这些企业提供大量补贴，这会让我们的企业破产”。她的观点：中国提供补贴是“令人担忧的不公平竞争”，美国这样做是“至关重要的投资”。,May 12,2024-05-12T03:03:41.000Z
华尔街日报中文网,@ChineseWSJ,,1,6,7,,https://x.com/ChineseWSJ/status/1385186369929162760,https://x.com/ChineseWSJ,#股闻天下 慷慨的补贴提高了中国可再生能源的产能并降低了价格。这对地球和中国人的肺健康来说是个好消息。不过，对可再生能源开发公司的殷切期望未必会给投资者带来巨大回报。,"Apr 22, 2021",2021-04-22T10:59:00.000Z
ᴿᵉᵇᵉˡRFAChinese,@RFAChinese,,,,,203,https://x.com/RFAChinese/status/1790054396291613170,https://x.com/RFAChinese,"该法案与《芯片和科学法案》一起，为芯片生产商在美国投资提供了390亿美元的激励措施，减少对中国的依赖，同时支持美国的制造业。

私人研究机构E2周二发布的一份分析报告指出，自《通胀削减法案》通过以来，已宣布了300个可再生能源项目。其中一半以上在共和党控制的州。",May 14,2024-05-13T16:20:00.000Z
华尔街日报中文网,@ChineseWSJ,,11,37,27,50K,https://x.com/ChineseWSJ/status/1647811873595703298,https://x.com/ChineseWSJ,"中国清洁能源生产商此前受美国巨额绿色补贴吸引扩大了在美业务，但这些公司现在正遭遇一场反华情绪风暴。 

其中包括福特在宁德时代协助下正在兴建的一家动力电池厂。另一些项目则在淡化与中国的关系。","Apr 17, 2023",2023-04-17T03:59:00.000Z
华尔街日报中文网,@ChineseWSJ,,26,64,30,57K,https://x.com/ChineseWSJ/status/1640654211615473665,https://x.com/ChineseWSJ,美国和日本就清洁能源技术中用到的关键矿产达成贸易协议，从而让日本满足美国新电动汽车补贴的采购要求，并将能源供应链从中国转移出去。,"Mar 28, 2023",2023-03-28T09:57:00.000Z
华尔街日报中文网,@ChineseWSJ,,5,24,12,59K,https://x.com/ChineseWSJ/status/1626062565800280066,https://x.com/ChineseWSJ,美国和欧洲官员正在讨论如何建立一个新的盟国集团，在采购清洁能源技术中使用的矿物方面进行合作，以期减少对中国的依赖，同时修补美国的电动汽车提供补贴政策引发的裂痕。,"Feb 16, 2023",2023-02-16T03:35:01.000Z
明鏡新聞網,@MingJingNews,"https://pbs.twimg.com/media/Fj9_1iLacAA36Dp?format=jpg&name=small, https://pbs.twimg.com/media/Fj9_1iLacAA36Dp?format=jpg&name=small",,,,,https://x.com/MingJingNews/status/1603140551871975424,https://x.com/MingJingNews,乌克兰将获爱国者导弹，美飞行员帮共军航母训练；中央经济会议15日举行，五毛网红局长伍皓落马；美国核聚变研究突破，无限清洁能源将解锁；中国万亿补贴芯片制造 | 局势:201期（下） http://dlvr.it/SfN8ky,"Dec 15, 2022",2022-12-14T21:31:07.000Z
华尔街日报中文网,@ChineseWSJ,,9,24,30,53K,https://x.com/ChineseWSJ/status/1615528903736545280,https://x.com/ChineseWSJ,"欧盟委员会主席冯德莱恩周二表示，欧洲计划为区域内清洁技术产业提供更多支持，以制衡美国和中国的补贴。
冯德莱恩还对中国在清洁技术生产方面的主导角色表示担忧，包括电动汽车和太阳能电池板，她说这些技术对全球能源转型至关重要。","Jan 18, 2023",2023-01-18T01:58:00.000Z
大声,@dashengmedia,,1,4,,1.9K,https://x.com/dashengmedia/status/1759729584520499505,https://x.com/dashengmedia,FT：美国官员警告中国不要向全球市场倾销产能过剩的商品，否则美国和其他国家会作出回应。美国财政部国际事务副部长Jay Shambaugh称，美方最关注的是尖端制造业，尤其是电动汽车、太阳能电池板、锂离子电池等清洁能源产品。欧盟去年已经启动对中国电动车行业的反补贴调查。,Feb 20,2024-02-20T00:00:01.000Z
华尔街日报中文网,@ChineseWSJ,,14,35,15,67K,https://x.com/ChineseWSJ/status/1642300961736597506,https://x.com/ChineseWSJ,#本周热读 美国和日本就清洁能源技术中用到的关键矿产达成贸易协议，从而让日本满足美国新电动汽车补贴的采购要求，并将能源供应链从中国转移出去。,"Apr 2, 2023",2023-04-01T23:00:36.000Z
华尔街日报中文网,@ChineseWSJ,,5,8,12,25K,https://x.com/ChineseWSJ/status/1757041117541867895,https://x.com/ChineseWSJ,太阳能电池板的制造过程漫长而复杂，中国在其中主导了每一个环节。现在，随着可再生能源的需求激增，美国正试图建立自己的太阳能制造供应链，并提供巨大补贴支持这一计划，而这一切几乎是从零开始。本文介绍这将意味着什么，为什么挑战中国如此艰难。https://on.wsj.com/3STKS97,Feb 13,2024-02-12T13:57:01.000Z
华尔街日报中文网,@ChineseWSJ,,,9,4,21K,https://x.com/ChineseWSJ/status/1747379449656410489,https://x.com/ChineseWSJ,全球最有价值的电池初创企业之一Northvolt计划通过向欧盟和包括摩根大通在内的数家银行举借债务融资34亿美元，由此，在中国以外地区生产更多电池并利用清洁能源补贴浪潮这条赛道上的竞争加速。https://on.wsj.com/3TXEO0l https://on.wsj.com/3TXEO0l,Jan 17,2024-01-16T22:05:00.000Z
Sin Chew Daily 星洲日報,@SinChewPress,,,,1,307,https://x.com/SinChewPress/status/1841010413905068432,https://x.com/SinChewPress,据报导，美国贸易官员本周可能会针对由中国企业营运、来自马来西亚、越南、泰国和柬埔寨等东南亚4国的太阳能电池板征收新的关税，美国制造商抱怨这些产品采用了不公平的补贴措施，使竞争对手的产品缺乏竞争力。,10h,2024-10-01T07:01:01.000Z
王者归来,@wangzhe96683113,,,2,,248,https://x.com/wangzhe96683113/status/1642789490099122176,https://x.com/wangzhe96683113,"面对美国《通胀削减法案》，加拿大：还是得从中国买
4月2日，英国《金融时报》称，加拿大自然资源部部长乔纳森·威尔金森表示，IRA为美国清洁能源产业提供3690亿美元巨额补贴的计划制造了不公平。相较于拜登政府，加拿大将对中国保持更温和的态度，包括考虑从中国采购太阳能电池板和风力涡轮机等设备。","Apr 3, 2023",2023-04-03T07:21:50.000Z
Love_Amy_Love_,@annsalove,"https://pbs.twimg.com/ext_tw_video_thumb/1789991748317679616/pu/img/V9LewLVZXoGABpde.jpg, https://pbs.twimg.com/ext_tw_video_thumb/1789991748317679616/pu/img/V9LewLVZXoGABpde.jpg, https://pbs.twimg.com/ext_tw_video_thumb/1789991748317679616/pu/img/V9LewLVZXoGABpde.jpg",,,1,71,https://x.com/annsalove/status/1789991930471776465,https://x.com/annsalove,"美财长炒作所谓中国产能过剩论遭主持人回怼
近日，美国财政部长耶伦在接受美国公共媒体经济电台采访时，再次炒作中国在电动汽车、太阳能等领域存在所谓“产能过剩”的言论，主持人凯·雷斯达尔随即问道：“有没有可能，我们只是在这些领域被中国打败了？”针对耶伦称中国在相关领域提供了大量补贴，雷斯达尔",May 13,2024-05-13T12:11:47.000Z
charles zhang,@HolywaycomZhang,,,,,116,https://x.com/HolywaycomZhang/status/1776459374095213049,https://x.com/HolywaycomZhang,近几年北京方面正在日益关注先进制造业，推动电动车和太阳能电池板，芯片半导体，以及全产业链巨额补贴等产品的出口，随着地缘政治（新的CCP与西方自由市场经济的冷战）紧张局势的加剧，保护主义正开始阻碍世界对中国产品的需求，并可能使中国陷入供应过剩的困境。既然中国是世界第二大经济体，,Apr 6,2024-04-06T03:58:14.000Z
博讯新闻网,@boxun,"https://pbs.twimg.com/media/F34ERGmaYAAKSWL?format=png&name=small, https://pbs.twimg.com/media/F34ERGmaYAAKSWL?format=png&name=small",1,6,6,4.9K,https://x.com/boxun/status/1692795222324138106,https://x.com/boxun,【五家太阳能中企通过东南亚规避美国双反关税】18日，美国商务部的声明称，商务部初步调查发现，一些中国生产商将他们的太阳能产品通过东南亚国家进行微加工后，再运往美国，试图绕过美国反倾销和反补贴关税。商务部说，调查的八家公司中有五家规避美国关税，分别来自柬埔寨、泰国和越南。,"Aug 19, 2023",2023-08-19T07:06:46.000Z
noname,@myname314159,,,,,54,https://x.com/myname314159/status/1817569079898902648,https://x.com/myname314159,"反对中国共产党和中国制造的能力，
是两码事。
川普或者美国领导人要明白，
金融工具和国家制造能力是两种能力。
美国可以给新能源汽车、锂电池、
太阳能、诸如此类的中国补贴领域提供更多的补贴，
自然能卷死中国，反正这些领域欧洲日本也干不了。",Jul 29,2024-07-28T14:33:32.000Z
Yelkon,@gyong_z,,,,1,257,https://x.com/gyong_z/status/1773937592700125621,https://x.com/gyong_z,形势不容乐观。就在习近平替代李强主持发展高层论坛，亲自出马向世界展开魅力攻势挽回外资的当下，一是美国发表2024年度《对外贸易壁垒国家贸易评估报告》指出中国壁垒、财政补贴和优惠政策，使外国竞争对手处于不利地位，严重扭曲和扰乱市场，导致严重持续的产能过剩，尤其是钢铁、铝和太阳能等行业,Mar 30,2024-03-30T04:57:34.000Z
Strike_U_Back!,@strike_U_back,,1,,,232,https://x.com/strike_U_back/status/1773253724057542956,https://x.com/strike_U_back,27日，耶伦在接受美国微软全国广播公司（MSNBC）采访时宣称，她打算在即将对中国进行的访问中，就中方对包括太阳能电池板和电动汽车在内的国内清洁能源产业的补贴政策表达不满，并对此所产生的所谓负面影响向中方发出警告，施压中方做出改变。,Mar 28,2024-03-28T07:40:07.000Z
newsm2005,@newsm2005,,,,,79,https://x.com/newsm2005/status/1749426308667543788,https://x.com/newsm2005,"//太阳能现在在中国某些省份已经0电价上网了，只靠补贴回血。深谷电价出现在白天。因为要利用完这些太阳能必须在太阳落山后有其它能源给补充，现在有些省份新建太阳能发电站不能调峰不自带储能根本不审批。发出来都是垃圾电。
算上储能后光伏发电成本直线上升。",Jan 23,2024-01-22T13:38:29.000Z
纽约时报中文网,@nytchinese,,6,23,14,42K,https://x.com/nytchinese/status/1817779350324101260,https://x.com/nytchinese,中国主导了全球太阳能市场，但其国内产业正在经历动荡。政府补贴导致企业产能过剩、加大出口，随之而来的大幅降价给企业造成严重打击。这凸显出中国产业决策造成的后果。,Jul 29,2024-07-29T04:29:04.000Z
加拿大国际广播,@RCIZhongwen,,2,2,2,4K,https://x.com/RCIZhongwen/status/1790398185262751812,https://x.com/RCIZhongwen,"美国对中国电动汽车大幅提高关税 https://ici.radio-canada.ca/rci/zh-hans/%E6%96%B0%E9%97%BB/2072589/%E7%BE%8E%E5%9B%BD-%E4%B8%AD%E5%9B%BD-%E7%94%B5%E5%8A%A8%E6%B1%BD%E8%BD%A6-%E6%8F%90%E9%AB%98-%E5%85%B3%E7%A8%8E… 
拜登政府认为中国补贴制造业，以控制全球电动汽车和清洁能源行业。
美国还计划对先进电池、太阳能电池、钢铁、铝和医疗设备征收新的关税。",May 15,2024-05-14T15:06:06.000Z
世界和中国新闻,@ChinaOneNews,,,,,29,https://x.com/ChinaOneNews/status/1706694378201428179,https://x.com/ChinaOneNews,德国正式启动电动汽车太阳能充电站补贴计划 http://dlvr.it/SwdFzF,"Sep 27, 2023",2023-09-26T15:37:03.000Z
老刘说股市,@chetram49286125,,,,,11,https://x.com/chetram49286125/status/1790913825631523036,https://x.com/chetram49286125,去年中国新能源汽车产销突破900万辆，全球市场占有率超过30%，实现了弯道超车！但今年出海被围堵，国内新能源车替代率达到45%，压力越来越大了，所以，中国的新三样（新能源车、锂电池、太阳能）想保持优势，只能采取三步走战略，一是下乡，二是以旧换新（补贴），三是出海！最终的想象力还得靠出海！,May 16,2024-05-16T01:15:04.000Z
The sky’s the limit.,@Theskys25675511,,,3,,46,https://x.com/Theskys25675511/status/1792602106849108042,https://x.com/Theskys25675511,几年前看到中国用太阳能蓄电，后又到旧金山朋友家看到他们也安装太阳能蓄电，据说政府还补贴…。看到这些曾好奇地问车子的玻璃装置为啥不用太阳能玻璃替代？有的回答说也许玻璃太重了 不是专业总是有好奇…,May 21,2024-05-20T17:03:41.000Z
巴赫塔儿通讯社,@bnachinese,"https://pbs.twimg.com/media/GEiFIeFaYAA6d-H?format=jpg&name=small, https://pbs.twimg.com/media/GEiFIeFaYAA6d-H?format=jpg&name=small",,,,101,https://x.com/bnachinese/status/1749794981433499794,https://x.com/bnachinese,"据国际能源署报告，中国已经居于可再生能源应用领域领头羊地位。
国际能源署在报告中说：“2028年，全球可再生能源发电量的近60%将来自中国。虽然中国政府2020-2021年中止了新能源领域一系列补贴，但风电厂和太阳能电厂的建设势头依旧强劲”。",Jan 24,2024-01-23T14:03:27.000Z
汉尼拔火罐,@Hnbhger17,https://pbs.twimg.com/ext_tw_video_thumb/1817377286188056576/pu/img/PdddT2PD_LDXGPDh.jpg,,33,2,2.9K,https://x.com/Hnbhger17/status/1817382393705328871,https://x.com/Hnbhger17,"给中国太阳能组件加关税，直接拉爆了美国太阳能产业，道理很简单，只有Made in China的成本，才能让这个产业赚钱… 
拜登政府现在确实给太阳能产业很多补贴，但一旦川普上台，这些补贴不但会取消，还会让你全部吐出来！与其这样，还不如现在就破产更干净利落…",Jul 28,2024-07-28T02:11:42.000Z
大纪元新闻网,@dajiyuan,,1,4,,1.6K,https://x.com/dajiyuan/status/1775615172410749325,https://x.com/dajiyuan,"欧盟委员会周三（4月3日）表示，欧盟正在对两家中资公司在罗马尼亚太阳能发电园区公开招标中是否过度受益于中国（中共）政府补贴而展开调查。

#大纪元",Apr 4,2024-04-03T20:03:41.000Z
Bad.news,@lvv2com,,3,2,,2.6K,https://x.com/lvv2com/status/1656615997497909248,https://x.com/lvv2com,【美国想要“弯道超车”光伏】该法案对美国太阳能全产业链的补贴理论上可达到17美分/瓦，基本接近于中国目前的生产成本。,"May 11, 2023",2023-05-11T11:03:26.000Z
Yan son Chen陈炎松,@YansonChen89,"https://pbs.twimg.com/media/GKPT-QrbkAAkUoQ?format=jpg&name=small, https://pbs.twimg.com/media/GKPT-QrbkAAkUoQ?format=jpg&name=small",,,,78,https://x.com/YansonChen89/status/1775579907206324464,https://x.com/YansonChen89,欧盟调查罗马尼亚太阳能招标的中国投标人，不用调查，中国投标人肯定涉政府补贴，没资格竞标，罗马尼亚的太阳能招标项目不能给予中国投标人。,Apr 4,2024-04-03T17:43:33.000Z
新闻一分钟,@zhangdl12,,,,,218,https://x.com/zhangdl12/status/1775760905914945756,https://x.com/zhangdl12,欧美担忧中国过度出口绿色产品如电动汽车和太阳能板，可能冲击其新能源政策。欧盟已开始调查中国太阳能产品是否存在不正当补贴和破坏市场竞争行为。美国财政部长耶伦将向中国施压，要求控制廉价产品出口，提高国内消费市场。,Apr 4,2024-04-04T05:42:46.000Z
鄭孝太,@TeresaChiang9,"https://pbs.twimg.com/media/F6J9MUjb0AAxe1a?format=jpg&name=small, https://pbs.twimg.com/media/F6J9MUjb0AAxe1a?format=jpg&name=small",,,,50,https://x.com/TeresaChiang9/status/1703061263960674782,https://x.com/TeresaChiang9,"22:55 9月16日 周六
23：00
头条新闻 观点
视频
中欧关系
“机不可失，时不再来”：欧洲努力阻止中国电动汽车涌入

25 分钟前
• 欧盟委​​员会正在调查一些欧盟参与者所说的来自中国的大量补贴电动汽车

• 分析师称，随着非洲大陆努力实现绿色目标，太阳能行业提供了先例","Sep 17, 2023",2023-09-16T15:00:21.000Z
西羌笛韵,@xiqiangdiyun12,https://pbs.twimg.com/media/GKVYs5xasAAuE9D?format=jpg&name=small,1,9,,453,https://x.com/xiqiangdiyun12/status/1775923401703723398,https://x.com/xiqiangdiyun12,耶伦凭什么说服中国。4日下午，美国财政部长耶伦抵达中国广州。此次访华的目的是什么？据称耶伦打算就中方对包括太阳能电池板和电动汽车在内的国内清洁能源产业的补贴政策表达不满，并对此产生的所谓负面影响向中方发出警告，施压中方做出改变。我们要反问的是，美国没有类似补贴吗？#西太平洋观察,Apr 5,2024-04-04T16:28:28.000Z
Cathy,@aabb816816,https://pbs.twimg.com/media/F8yYI1zbEAAxpfS?format=jpg&name=medium,3,11,,4.7K,https://x.com/aabb816816/status/1714914159098490967,https://x.com/aabb816816,"威马汽车拖累的创投。。。
也是今天吃中饭时聊到的，中国的新能源整车厂都是不赚钱的，至于什么时候赚钱，就是欧美搞个几轮反补贴调查，死掉一批厂商，留下一批真正有经营能力和技术能力的，就健康了。和当年的太阳能板双反如出一辙，剩者为王。。。","Oct 19, 2023",2023-10-19T07:59:31.000Z
Franklin,@franklinHaHaHa,https://pbs.twimg.com/media/F7zmsJCbgAA2-or?format=png&name=small,5,26,6,3.7K,https://x.com/franklinHaHaHa/status/1710501823553925474,https://x.com/franklinHaHaHa,欧美忽悠的绿色能源，除了风能，其他的他们都没打算认真量产，准备长期忽悠政府补贴用。遇到中国不讲道理把太阳能、电池、生物燃料油大规模量产且降低价格后，把这些人整不会了。,"Oct 7, 2023",2023-10-07T03:46:28.000Z
大野人,@OhonoJP,,,1,,196,https://x.com/OhonoJP/status/1778362734197060003,https://x.com/OhonoJP,"绿色能源，各国都在补贴。
电动车，日本最多一辆补贴155万日元。
太阳能，自家屋顶装个太阳能板发电，少说拿50万日元补助。
风力发电也一样。
单挑中国补贴说事儿，是为奸诈。",Apr 11,2024-04-11T10:01:30.000Z
飛 凡,@WarTiger007,,,,,129,https://x.com/WarTiger007/status/1775528808411435392,https://x.com/WarTiger007,"欧盟对两家中国竞标者在罗马尼亚太阳能发电园区公开招标中的报价是否过度受益于补贴展开调查。

欧盟说，有足够的迹象表明，这两家中国企业都获得了扭曲欧盟单一市场的外国补贴。",Apr 4,2024-04-03T14:20:30.000Z
hans,@hansfreesoul,,,2,4,1.2K,https://x.com/hansfreesoul/status/1794007644069589470,https://x.com/hansfreesoul,"中国现在这么强大了吗

耶伦呼吁欧盟在针对中国政府向太阳能面板、半导体和电动车制造商提供巨额补贴的问题方面结成统一战线，共同应对。她说，中国的产能不仅超出了中国自身的需求，而且超出了世界经济的需求，并威胁到工业七国集团和发展中国家相应企业的生存。",May 25,2024-05-24T14:08:48.000Z
新闻一分钟,@zhangdl12,,,,,53,https://x.com/zhangdl12/status/1751815604921569313,https://x.com/zhangdl12,合肥，中国中部的电动汽车和太阳能电池板生产中心，通过政府主导的行业增长，成为其他城市的榜样。然而，全国房地产衰落和电动汽车行业的过度补贴导致产能过剩，亏损严重，给合肥带来了挑战。,Jan 29,2024-01-29T03:52:42.000Z
Thinker（互to）,@thinker04230409,,,,,69,https://x.com/thinker04230409/status/1775877724336431113,https://x.com/thinker04230409,对于两家中企的子公司参与竞标欧盟成员国罗马尼亚一个太阳能项目，欧盟委员会称，该委员会已根据外国补贴条例开始调查这些企业的子公司是否利用外国政府补贴与其他竞标企业进行竞争。对此，欧盟中国商会在一份声明中表示强烈不满，并谴责欧盟把外国补贴条例作为“经济胁迫工具”。,Apr 5,2024-04-04T13:26:58.000Z
Starbugs,@freesisx,,,,,542,https://x.com/freesisx/status/1778231378779554000,https://x.com/freesisx,“中国地方政府为扩大电动车、电池和太阳能电池板的生产能力提供了巨额补贴，中国在这一领域的生产能力已经远超国内需求。根据最新的估算，中国电动车的生产能力已经是国内需求的两倍，而电池及太阳能电池板的生产能力更是全球需求量的四倍。这种局面造成的后果是，这些产品将大量涌入国际市场。,Apr 11,2024-04-11T01:19:33.000Z
波光粼粼,@CM05k6syOX777XN,https://pbs.twimg.com/ext_tw_video_thumb/1648029760679735302/pu/img/BIqd5tzrgg6EOsfE.jpg,8,13,1,569,https://x.com/CM05k6syOX777XN/status/1648085486257201153,https://x.com/CM05k6syOX777XN,"言之有理，所以老败贼提倡的绿色革命其实从长远来看，是非造福美国人民，而是有害

况且美国制造的太阳能电池板很少，而是由享受国家补贴的中国制造商主导了这一市场。

评：看来败贼的智商的确成问题，也许有经济利益所致。","Apr 18, 2023",2023-04-17T22:06:14.000Z
紫水晶Amethyst,@jjamesw1,,1,12,3,,https://x.com/jjamesw1/status/1112494083862396933,https://x.com/jjamesw1,美国天然气价格低廉的令人发指，生产企业亏损累累。而中国由于空气污染，极度需求天然气。而且美国同中国有大量贸易逆差，并且美国负债累累。结果奥巴马时代美国竟然还补贴新能源，大量进口中国太阳能板，这脑袋被驴踢了？？,"Apr 1, 2019",2019-03-31T23:17:13.000Z
Don Evans,@DonEvansWm,,,,,,https://x.com/DonEvansWm/status/266327746978930690,https://x.com/DonEvansWm,美国一贸易委员会确认允许向来自中国的太阳能产品征收惩罚性关税，主要理由是政府对相关厂商提供非法补贴。最新做出的决定也意味着长达一年的法律纠纷已告一段落。美国太阳能产业指责中国政府大力扶植本国的太阳能产品制造商，而后者又利用这种优势给美国市场带来损害。,"Nov 8, 2012",2012-11-07T23:54:17.000Z
美国之音争鸣论坛,@voachina,,1,,,,https://x.com/voachina/status/263896582599102465,https://x.com/voachina,中国对欧盟光伏产品展开反倾销调查: 中国开始调查欧盟是否对其光伏产品提供不公平的补贴，这是中国与欧盟和美国之间一系列贸易争端中的最近举措。中国商务部星期四说，这次反倾销调查将集中于欧盟是否以不正常的低价格在中国销售太阳能级多... http://bit.ly/YqthlR,"Nov 1, 2012",2012-11-01T06:53:42.000Z
美国之音争鸣论坛,@voachina,,,,,,https://x.com/voachina/status/545062914923560960,https://x.com/voachina,美对中国大陆和台湾太阳能产品收高额关税: 美国商务部星期二决定对来自中国大陆和台湾的太阳能产品征收高额关税。商务部说，中国的太阳能电池板制造商得到政府的不公平补贴，因而以低于成本的价格销售他们的产品。星期二的决定是为了堵... http://tinyurl.com/pqmoee9,"Dec 17, 2014",2014-12-17T03:48:20.000Z
Wei Jingsheng魏京生,@WEI_JINGSHENG,,75,302,52,,https://x.com/WEI_JINGSHENG/status/1556672669965340674,https://x.com/WEI_JINGSHENG,美国参议院通过了七千多亿补贴新能源法案。太阳能电池板大多从中国进口或者转口；风能装机百分之七十以上来自中国。这是要补贴谁呢？,"Aug 9, 2022",2022-08-08T16:04:20.000Z
美国之音争鸣论坛,@voachina,,,,,,https://x.com/voachina/status/206080636237266944,https://x.com/voachina,中国投诉世贸 叫板美国提高关税: 中国5月25日向世界贸易组织(WTO)投诉美国，叫板美国针对中国钢铁、太阳能等二十二种产品征收反补贴关税。美国认为，中国政府不公平地补贴中国企业向美国出口的产品，使美国公司处于竞争劣势。 http://bit.ly/LhwpeJ,"May 26, 2012",2012-05-25T17:53:47.000Z
The White Water Company,@MrNanobubble,,,,,,https://x.com/MrNanobubble/status/78187669821194240,https://x.com/MrNanobubble,#ChinaNews #VOA 美国：中国同意终止进行风能补贴: 中国同意停止对国内的风能涡轮机组件制造商进行补贴。此前，美国向世界贸易组织提出申诉，指责这种非法补贴排斥外国竞争。 http://bit.ly/ll8MLR #China #Voice #CN,"Jun 8, 2011",2011-06-07T19:52:47.000Z
kRiZcPEc,@kRiZcPEc,,,,,,https://x.com/kRiZcPEc/status/372894778171879424,https://x.com/kRiZcPEc,VOA-中文 欧盟指责中国补贴本国太阳能厂家: 欧盟贸易委员会去年十一月开始对中国太阳能工业所作的调查发现，中国非法补贴太阳能相关企业。 http://bit.ly/16Ujg1y,"Aug 29, 2013",2013-08-29T01:33:37.000Z
新聞播報,@xinwenbobao,,,,,,https://x.com/xinwenbobao/status/240129512476667904,https://x.com/xinwenbobao,[中港台] 比亚迪上半年净利润骤降，受太阳能业务亏损和取消补贴的拖累: 中国电池和汽车生产商比亚迪股份有限公司周一公布，上半年净利润较上年同期下滑94%，因竞争加剧，而且政府取消了购车激励措施，此外还受到太阳能业务亏损的影响。 http://bit.ly/PkeQyk,"Aug 28, 2012",2012-08-27T16:51:51.000Z
kRiZcPEc,@kRiZcPEc,,1,,,,https://x.com/kRiZcPEc/status/133553086127013889,https://x.com/kRiZcPEc,VOA中&#25991: 贸易争端使中国投资美太阳能项目搁浅: 由于美国对中国销售至美国的太阳能电池板发起反倾销和反补贴“双反”调查，中国最大的太阳能开发企业将暂时搁置一项对美投资5亿美元的太阳能项目。中国大型国有企业中国节能环保集... http://bit.ly/tqIRh1,"Nov 8, 2011",2011-11-07T14:35:11.000Z
iyouport,@iyouport_news,https://pbs.twimg.com/media/CtgRtDwUIAAEB5O?format=jpg&name=360x360,3,1,2,,https://x.com/iyouport_news/status/781394008862064640,https://x.com/iyouport_news,#ChinesePVindustry 中国可能超预期下调太阳能补贴。发改委可能将日光照射较少地区的太阳能补贴在2017年下调13%。而此前发改委对于2017年补贴削减幅度的预期为2%：https://facebook.com/iyouport/posts/1279441092087032:0…,"Sep 29, 2016",2016-09-29T07:23:43.000Z
ᴿᵉᵇᵉˡRFAChinese,@RFAChinese,,,,,244,https://x.com/RFAChinese/status/1777896033810362395,https://x.com/RFAChinese,财政部官员说，他们担心中国生产目标的提高会导致中国企业生产的电动汽车、电池和太阳能电池板数量远远超过全球市场的吸收能力，从而推动价格下跌，扰乱全球生产。他们担心，这些溢出效应会损害计划利用《2022年通货膨胀削减法案》规定的税收抵免和补贴在美国投资的企业。,Apr 10,2024-04-10T03:07:00.000Z
特战时讯,@fengyunshe,,88,30,,843,https://x.com/fengyunshe/status/1698515487066333490,https://x.com/fengyunshe,"中国电池厂热潮引发对全球挤压的担忧
中国正在建设的电池工厂远远超出了满足国内对电动汽车和电网储能需求所需的水平，突显了巨额的国家补贴和不受控制的银行贷款，国家补贴遵循钢铁和太阳能电池板模式，预计将支撑中国制造商的国际扩张。","Sep 4, 2023",2023-09-04T01:57:03.000Z
ᴿᵉᵇᵉˡRFAChinese,@RFAChinese,,,,,324,https://x.com/RFAChinese/status/1786993983245242812,https://x.com/RFAChinese,中国的电动汽车产业是建立在补贴基础上的，而且中国可能正在使用强迫劳工来生产太阳能电池板。这些都是严重的问题，但当巴基斯坦发生洪水，巴西想要建造电动汽车工厂，或者南非迫切需要太阳能电池板来支撑摇摇欲坠的电网时，这些问题就会被淡忘。,May 5,2024-05-05T05:39:01.000Z
ᴿᵉᵇᵉˡRFAChinese,@RFAChinese,,,,,291,https://x.com/RFAChinese/status/1789292629772902494,https://x.com/RFAChinese,"欧洲已经开始对来自中国的电动汽车征收关税，欧洲官员表示，有证据表明存在非法的国家补贴。

在廉价中国商品充斥市场的问题上，美国有着丰富的经验，包括一波太阳能电池板的倾销浪潮。现在，廉价的太阳能组件再次涌入美国，导致一些制造商推迟了在美国的投资计划。",May 11,2024-05-11T13:53:01.000Z
ᴿᵉᵇᵉˡRFAChinese,@RFAChinese,,,,,249,https://x.com/RFAChinese/status/1782225812642464054,https://x.com/RFAChinese,政府官员注意到，在过去的几十年里，廉价的中国钢铁和铝材出口激增，掏空了美国的制造业中心。尽管进口大量受补贴的太阳能电池板、电池和电动汽车，有助于遏制通胀和应对气候变化，但政府官员认为，无论是从政治还是在经济角度来看，导致失业和企业倒闭的可能性都太高了。,Apr 22,2024-04-22T01:52:00.000Z
飛 凡,@WarTiger007,"https://pbs.twimg.com/media/GNfsB_CXMAAlAH8?format=jpg&name=900x900, https://pbs.twimg.com/media/GNfsB_CXMAAlAH8?format=jpg&name=900x900",,,,158,https://x.com/WarTiger007/status/1790222955475079390,https://x.com/WarTiger007,“ 两家中国投标者退出了罗马尼亚太阳能园区的招标，这是欧盟新反补贴权力对布鲁塞尔声称获得北京财政支持的企业产生威慑作用的最新迹象。”,May 14,2024-05-14T03:29:47.000Z
华尔街日报中文网,@ChineseWSJ,,1,13,5,28K,https://x.com/ChineseWSJ/status/1756604238031978662,https://x.com/ChineseWSJ,#本周热读 中国的光伏巨头们正在美国境内扩张建厂，这些企业将获得慷慨的美国政府补贴。对于难以基本从零开始建立国内太阳能供应链的美国来说，中国公司的这波投资热潮有利也有弊。 https://on.wsj.com/3OxpOTi,Feb 11,2024-02-11T09:01:01.000Z
DW 中文- 德国之声,@dw_chinese,"https://pbs.twimg.com/media/GKPzw4aWYAAH6Yf?format=jpg&name=small, https://pbs.twimg.com/media/GKPzw4aWYAAH6Yf?format=jpg&name=small",18,54,7,23K,https://x.com/dw_chinese/status/1775659548432560633,https://x.com/dw_chinese,"欧盟对两家中资光伏企业展开反补贴调查

周三，欧盟宣布对两家中国背景太阳能电池板企业展开调查。这两家企业涉嫌接受补贴，布鲁塞尔担心，这类补贴令欧洲企业在竞争中处于不利地位。

https://p.dw.com/p/4eOcD",Apr 4,2024-04-03T23:00:01.000Z
大声,@dashengmedia,,1,4,,1.9K,https://x.com/dashengmedia/status/1759729584520499505,https://x.com/dashengmedia,FT：美国官员警告中国不要向全球市场倾销产能过剩的商品，否则美国和其他国家会作出回应。美国财政部国际事务副部长Jay Shambaugh称，美方最关注的是尖端制造业，尤其是电动汽车、太阳能电池板、锂离子电池等清洁能源产品。欧盟去年已经启动对中国电动车行业的反补贴调查。,Feb 20,2024-02-20T00:00:01.000Z
纽约时报中文网,@nytchinese,,5,11,4,18K,https://x.com/nytchinese/status/1790645793223041475,https://x.com/nytchinese,拜登总统周二宣布大幅提高对一系列中国进口产品的关税，包括电动汽车、太阳能电池、半导体和先进电池，以求让美国的战略产业免受新涌现的一批竞争对手的冲击，他说这些竞争对手得到了北京的不公平补贴。,May 15,2024-05-15T07:30:00.000Z
DW 中文- 德国之声,@dw_chinese,"https://pbs.twimg.com/media/GJvem2BXcAAJcjF?format=png&name=small, https://pbs.twimg.com/media/GJvem2BXcAAJcjF?format=png&name=small",19,66,49,24K,https://x.com/dw_chinese/status/1773255739127001204,https://x.com/dw_chinese,"【美质疑中国新能源 #产能过剩 北京反驳：双标】 

中国力推太阳能、电动车等产业，近期遭欧美批评其政府补贴可能导致大量廉价产品涌入他国市场，让过剩产能冲击全球；最新的批评来自美国财长耶伦。 对于西方近期广泛质疑，中国怎么回应详细报导https://p.dw.com/p/4eCnP",Mar 28,2024-03-28T07:48:08.000Z
DW 中文- 德国之声,@dw_chinese,https://pbs.twimg.com/media/GNijHNBW0AAqbye?format=jpg&name=small,7,17,10,16K,https://x.com/dw_chinese/status/1790366200503156762,https://x.com/dw_chinese,"欧盟对中国两家太阳能企业展开反补贴调查之后，这两家企业已经撤回了在罗马尼亚太阳能园区的竞标申请。

欧盟内部市场专员布雷顿表示，“对太阳能的大规模投资绝不应以损害我们的工业竞争能力和欧洲工作岗位为代价。”

https://p.dw.com/p/4fq39",May 14,2024-05-14T12:59:00.000Z
华尔街日报中文网,@ChineseWSJ,,1,9,5,26K,https://x.com/ChineseWSJ/status/1754851938376544649,https://x.com/ChineseWSJ,中国的光伏巨头们正在美国境内扩张建厂，这些企业将获得慷慨的美国政府补贴。对于难以基本从零开始建立国内太阳能供应链的美国来说，中国公司的这波投资热潮有利也有弊。 https://on.wsj.com/3OxpOTi,Feb 6,2024-02-06T12:58:00.000Z
Bryne,@riss1130,"https://pbs.twimg.com/media/F43lFZ2aMAExPaT?format=jpg&name=small, https://pbs.twimg.com/media/F43lFZ2aMAExPaT?format=jpg&name=small",,,,63,https://x.com/riss1130/status/1697377059255796014,https://x.com/riss1130,"美国国会中共特别委员会推文：

从太阳能电池板到钢铁和卡车底盘，中国共产党非法补贴大量中国产品，以欺骗美国制造商的市场份额并侵蚀我们的工业基础。

https://x.com/committeeonccp/status/1697264518571905315?s=46… 
https://gettr.com/post/p2pgfq88408…","Sep 1, 2023",2023-08-31T22:33:21.000Z
RFI 华语 - 法国国际广播电台,@RFI_Cn,"https://pbs.twimg.com/media/GNiExrpbAAAN6wa?format=jpg&name=small, https://pbs.twimg.com/media/GNiExrpbAAAN6wa?format=jpg&name=small",,5,1,6.1K,https://x.com/RFI_Cn/status/1790326843276689865,https://x.com/RFI_Cn,中企退出罗马尼亚太阳能发电园区招标 欧洲结束反补贴调查 https://rfi.my/AbFY.x,May 14,2024-05-14T10:22:36.000Z
Phyrex,@Phyrex_Ni,,4,42,19,85K,https://x.com/Phyrex_Ni/status/1779908864181522891,https://x.com/Phyrex_Ni,我插一句，我看了很多小伙伴说耶伦这次访华的目的是为了兜售美债，但是为什么我没有找到任何的相关信息，反而所有的内容都是涉及到太阳能电池板、电动汽车和电池产能过剩的问题，并且多次表达了中国向全球倾销其高补贴廉价环保技术产品的贸易实践。,Apr 16,2024-04-15T16:25:16.000Z